case_number,claimant,respondents,status
ARB/23/23,Basel LLC and Ronald Waldmann,Georgia,Pending
ARB/23/22,"Enerflex US Holdings Inc. and Exterran Energy Solutions, L.P.",United Mexican States,Pending
ARB/23/21,Gruppo Officine Piccini S.p.A.,Republic of Cameroon,Pending
ARB/23/20,"AVZ International Pty Ltd., Dathcom Mining SA and Green Lithium Holdings Pte Ltd.",Democratic Republic of the Congo,Pending
ARB/23/19,"Korea National Oil Corporation, KNOC Nigerian West Oil Company Limited, and KNOC Nigerian East Oil Company Limited",Federal Republic of Nigeria,Pending
ARB/23/18,"Zenith Energy Africa Ltd., Zenith Overseas Assets Ltd. and Compagnie du Désert Ltd.",Republic of Tunisia,Pending
ARB/23/17,Juan Carlos Arguello and Ernesto Arguello,Republic of Honduras,Pending
ARB/23/16,"Kurt Harald Grüninger, Alexandra Grüninger, and Sascha Spittel",Republic of Costa Rica,Pending
ARB/23/15,Access Business Group LLC,United Mexican States,Pending
ARB/23/14,Suntech Power International Ltd.,Italian Republic,Pending
ARB/23/13,Norfund and KLP Norfund Investments AS,Republic of Honduras,Pending
ARB/23/12,Scatec ASA,Republic of Honduras,Pending
ARB/23/11,Operadora Ecológica del Titicaca S.A.C.,Republic of Peru,Pending
ARB/23/10,"Autopistas del Atlántico, S.A. de C.V. and others",Republic of Honduras,Pending
ARB/23/9,EMS Shipping & Trading GmbH,Republic of Albania,Pending
ARB/23/8,China Machinery Engineering Corporation,Republic of Trinidad and Tobago,Pending
ARB/23/7,SIA Baltjura-Serviss,Kingdom of Norway,Pending
ARB/23/6,Sepadeve International LLC,United Mexican States,Pending
ARB/23/5,Ruby River Capital LLC,Canada,Pending
ARB/23/4,"Goldgroup Resources, Inc.",United Mexican States,Pending
ARB/23/3,"JLL Capital, S.A.P.I. de C.V.",Republic of Honduras,Pending
UNCT/23/2,Westmoreland Coal Company,Canada,Pending
ARB/23/2,"Honduras Próspera Inc., St. John’s Bay Development Company LLC, and Próspera Arbitration Center LLC",Republic of Honduras,Pending
ADM/23/1,PowerChina HuaDong Engineering Corporation and China Railway 18th Bureau Group Company Ltd,Socialist Republic of Vietnam,Pending
UNCT/23/1,Amerra Capital Management LLC and others,United Mexican States,Pending
ARB/23/1,"Canal Extensia, S.A.U.",Republic of Colombia,Pending
ARB/22/34,Naftiran Intertrade Co. (NICO) Limited,Kingdom of Bahrain,Pending
ARB/22/33,Towra SA-SPF,Republic of Slovenia,Pending
ARB/22/32,Astronergy Solar Netherlands B.V.,Republic of Bulgaria,Pending
ARB/22/31,UAB Arctic Fishing,Kingdom of Norway,Pending
ARB/22/30,Bank of Nova Scotia,Republic of Peru,Pending
ARB/22/29,Vasilisa Ershova and Jegor Jeršov,Republic of Bulgaria,Pending
ARB/22/28,"Suffolk (Mauritius) Limited, Mansfield (Mauritius) Limited and Silver Point Mauritius",Portuguese Republic,Pending
ARB/22/27,"Doba Pipeline Investment Inc., Petronas (E&P) Overseas Ventures Sdn. Bhd, et Petronas Carigali Chad Exploration & Production Inc.",Republic of Cameroon,Concluded
ARB/22/26,Yoram Moussaieff,Republic of Panama,Pending
ARB/22/25,"International Mining Company Invest, Inc.",Kyrgyz Republic,Pending
ARB/22/24,Doups Holdings LLC,United Mexican States,Pending
ARB/22/23,Tayeb Benabderrahmane,State of Qatar,Pending
ARB/22/22,Encavis AG and others,French Republic,Pending
ARB/22/21,Ascent Resources Plc and Ascent Slovenia Ltd,Republic of Slovenia,Pending
ARB/22/20,PCCW Cascade (Middle East) Ltd.,Kingdom of Saudi Arabia,Pending
ARB/22/19,Upland Oil and Gas LLC (USA) and Upland Oil and Gas LLC (Perú),PeruPetro S.A.,Concluded
ARB/22/18,Digicel (Singapore) Private Limited,Independent State of Papua New Guinea,Pending
ARB/22/17,Comercializadora Mediterránea de Viviendas S.L.,Kingdom of Morocco,Pending
ARB/22/16,Ozkartallar Inşaat Sanayi Ve Ticaret A.S. and Campak Temizlik Bilgi Işlem Otomasyon Saglik Hizmetleri Iletişim Sanayi Ve Ticaret A.S.,Islamic Republic of Pakistan,Pending
ARB/22/15,Plaza Centers N.V.,Romania,Pending
ARB/22/14,"Coropi Holdings Limited, Kalemegdan Investments Limited and Erinn Bernard Broshko",Republic of Serbia,Pending
ARB/22/13,Aderlyne Limited,Romania,Pending
ARB/22/12,WOC Photovoltaik Portfolio GmbH & Co. KG and others,Kingdom of Spain,Pending
ARB/22/11,CB&I UK Limited,Republic of Colombia,Pending
ARB/22/10,Clara Petroleum Ltd,Romania,Pending
ARB/22/9,Addiko Bank AG,Republic of Slovenia,Pending
ARB/22/8,GMS Ventures and Investment Holdings Co. LLC/Jordan (Exempt) and GMS Ventures and Investments Holdings Company – Jordan (Free Zones),Republic of Iraq,Pending
ARB(AF)/22/7,PowerChina HuaDong Engineering Corporation and China Railway 18th Bureau Group Company Ltd,Socialist Republic of Vietnam,Pending
ARB/22/7,Primesouth International Offshore S.A.L.,Republic of Iraq,Pending
ARB(AF)/22/6,Nacato N.V. and others,Bolivarian Republic of Venezuela,Pending
ARB/22/6,"Consolidated Water Coöperatief, U.A.",United Mexican States,Pending
ARB(AF)/22/5,José Alejandro Hernández Contreras,Republic of Costa Rica,Pending
ARB/22/5,Samson Wu,Republic of Panama,Concluded
ARB(AF)/22/4,RTI Rotalin Gas Trading AG and Rotalin Gaz Trading S.R.L.,Republic of Moldova,Pending
ARB/22/4,KrisEnergy Bangladesh Limited,"People’s Republic of Bangladesh and Bangladesh Oil, Gas and Mineral Corporation",Pending
ARB(AF)/22/3,"Fábrica de Vidrio Los Andes, C.A. and Owens-Illinois de Venezuela, C.A.",Bolivarian Republic of Venezuela,Pending
ARB/22/3,"Corporación Nacional del Cobre de Chile, Exploraciones Mineras Andinas S.A. and Inversiones Copperfield SPA",Republic of Ecuador,Pending
ARB(AF)/22/2,SGO Corporation Limited,Bolivarian Republic of Venezuela,Pending
ARB/22/2,"Huawei Technologies Co., Ltd.",Kingdom of Sweden,Pending
ARB(AF)/22/1,"Sargeant Petroleum, LLC",Dominican Republic,Pending
ARB/22/1,Louis Claude Norland Suzor and SBEC Systems Limited,Republic of Senegal,Pending
ARB/21/66,Christopher Jock Murdoch MacKenzie,Hungary,Pending
ARB/21/65,Enagás Internacional S.L.U.,Republic of Peru,Pending
ARB/21/64,Smart City Solutions Holdings Inc.,Co-operative Republic of Guyana,Pending
ARB/21/63,TC Energy Corporation and TransCanada Pipelines Limited,United States of America,Pending
ARB/21/62,AGEM Ltd,Republic of Mali,Concluded
ARB/21/61,"Enel, S.p.A.",Republic of Türkiye,Pending
ARB/21/60,VINCI Highways SAS and VINCI Concessions SAS,Republic of Peru,Pending
ARB/21/59,Grupo Energía Bogotá S.A. E.S.P. and Transportadora de Energía de Centroamérica S.A.,Republic of Guatemala,Concluded
ARB/21/58,Congo Mining Ltd SARLU and Midus Holdings Limited,Republic of Congo,Pending
ARB/21/57,"Metro de Lima Línea 2, S.A.",Republic of Peru,Pending
ARB/21/56,"Energía y Renovación Holding, S.A.",Republic of Guatemala,Pending
ARB/21/55,"L1bre Holding, LLC",United Mexican States,Concluded
ARB/21/54,KELAG-Kärntner Elektrizitäts-Aktiengesellschaft and others,Romania,Pending
ARB/21/53,EEPL Holdings,Republic of Congo,Pending
ARB/21/52,SREW N.V.,Ukraine,Pending
ARB/21/51,Discovery Global LLC,Slovak Republic,Pending
ARB/21/50,HeidelbergCement AG and others,Arab Republic of Egypt,Pending
ARB/21/49,Enel Colombia S.A. (formerly ESSA2 SpA) and Enel Costa Rica CAM S.A. (formerly Enel Green Power Costa Rica S.A.),Republic of Costa Rica,Concluded
ARB/21/48,Bayındır İnşaat Turizm Ticaret ve Sanayi A.Ş.,Islamic Republic of Pakistan,Pending
ARB/21/47,PETRONAS International Corporation Ltd and Azhan Bin Ali,Republic of the Sudan,Concluded
ARB/21/46,HSBC Latin American Holdings (UK) Limited,Republic of El Salvador,Pending
ARB/21/45,"Concesionaria Peruana de Vías– COVINCA, S.A.",Republic of Peru,Pending
ARB/21/44,Finetis SARL and Finetis Maroc SA,Kingdom of Morocco,Pending
ARB/21/43,TS Villalba GmbH and others,Kingdom of Spain,Concluded
ARB/21/42,Qiong Ye and Jianping Yang,Kingdom of Cambodia,Pending
ARB/21/41,"Metro de Lima Línea 2, S.A.",Republic of Peru,Pending
ARB/21/40,ADP International S.A. and Vinci Airports S.A.S.,Republic of Chile,Pending
ARB/21/39,Spanish Solar 1 Limited and Spanish Solar 2 Limited,Kingdom of Spain,Pending
ARB/21/38,Menankoto SARL,Republic of Mali,Concluded
ARB/21/37,True Blue Development Limited and others,Grenada,Pending
ARB/21/36,Alpene Ltd,Republic of Malta,Pending
ARB/21/35,Vicat S.A.,Arab Republic of Egypt,Concluded
ARB/21/34,"IBT Group, LLC, IBT, LLC and Eurofinsa Concesiones e Inversiones, S.L.",Republic of Panama,Pending
ARB/21/33,Alamos Gold Holdings Coöperatief U.A. and Alamos Gold Holdings B.V.,Republic of Türkiye,Pending
ARB/21/32,Mehmet Zeki Obuz and others,Republic of Uzbekistan,Pending
ARB/21/31,Anglo American plc,Republic of Colombia,Concluded
ARB/21/30,Glencore International A.G.,Republic of Colombia,Pending
ARB/21/29,"Kaloti Metals & Logistics, LLC",Republic of Peru,Pending
ARB/21/28,APM Terminals Callao S.A.,Republic of Peru,Pending
ARB/21/27,Interconexión Eléctrica S.A. E.S.P.,Republic of Chile,Pending
ARB/21/26,Mainstream Renewable Power Ltd and others,Federal Republic of Germany,Pending
ARB/21/25,"Finley Resources Inc., MWS Management Inc., and Prize Permanent Holdings, LLC",United Mexican States,Pending
ARB/21/24,World Natural Resources Ltd,Republic of Congo,Pending
ARB/21/23,Imeks Insaat Makina Elektrik Konstrüksiyon Sanayi Limited Sirketi,Turkmenistan,Pending
ARB/21/22,"Uniper SE, Uniper Benelux Holding B.V. and Uniper Benelux N.V.",Kingdom of the Netherlands,Concluded
ARB/21/21,"KGL International for Ports, Warehousing, and Transport K.S.C.C.",Arab Republic of Egypt,Concluded
ARB/21/20,Visor Mühendislik Insaat Turizm Gida ve Mekanik Elektrik Taahhüt Ticaret Limited Sirketi and Gökhan Arasli,Turkmenistan,Concluded
ARB/21/19,Amir Masood Taheri,United Arab Emirates,Concluded
ARB/21/18,AECI Mauritius Ltd,Burkina Faso,Concluded
ARB/21/17,"Sanitek S.a.r.l., Sari Haddad and Elias Doumet",Republic of Armenia,Pending
ARB/21/16,"Riverside Coffee, LLC",Republic of Nicaragua,Pending
ARB/21/15,Misen Energy AB (publ) and Misen Enterprises AB,Ukraine,Pending
ARB/21/14,First Majestic Silver Corp.,United Mexican States,Pending
ARB/21/13,APG SGA SA and D.O.O. za promet i usluge Alma Quattro Beograd,Republic of Serbia,Pending
ARB/21/12,Optima Ventures LLC and Optima 55 Public Square LLC,United States of America,Concluded
ARB/21/11,"Optima Ventures LLC, Optima 7171 LLC and Optima 55 Public Square LLC",United States of America,Pending
ARB/21/10,Telefónica S.A.,Republic of Peru,Pending
ARB/21/9,Mauritanian Copper Mines S.A.,Islamic Republic of Mauritania,Pending
ARB/21/8,"WM Mining Company, LLC",Mongolia,Pending
ARB/21/7,Shell Petroleum N.V. and The Shell Petroleum Development Company of Nigeria Limited,Federal Republic of Nigeria,Concluded
ARB/21/6,Montero Mining and Exploration Ltd,United Republic of Tanzania,Pending
ARB/21/5,"United Group B.V., Adria Serbia Holdco B.V., and Serbia Broadband–srpske kablovske mreže d.o.o. Beograd",Republic of Serbia,Pending
ARB/21/4,RWE AG and RWE Eemshaven Holding II BV,Kingdom of the Netherlands,Pending
ARB/21/3,Philip Morris International Inc. and others,Ukraine,Concluded
ARB/21/2,UAB Pavilniu saules slenis 14 and UAB Modus grupe,Republic of Belarus,Pending
ADM/21/1,AsiaPhos Limited and Norwest Chemicals Pte Ltd,People’s Republic of China,Concluded
ARB/21/1,Quanta Services Netherlands B.V.,Republic of Peru,Pending
ARB/20/54,Arka Energy B.V.,Republic of Albania,Concluded
ARB/20/53,Bachar Kiwan,State of Kuwait,Pending
ARB/20/52,"Koch Industries, Inc. and Koch Supply & Trading, LP",Canada,Pending
ARB/20/51,Worth Capital Holdings 27 LLC,Republic of Peru,Pending
ARB/20/50,Contour Global Kosovo LLC,Republic of Kosovo and others,Concluded
ARB/20/49,Ahron G. Frenkel,Republic of Croatia,Pending
ARB/20/48,Grupo Energía Bogotá S.A. E.S.P. and Transportadora de Energía de Centroamérica S.A.,Republic of Guatemala,Pending
ARB/20/47,"Mitsui & Co., Ltd.",Kingdom of Spain,Pending
ARB/20/46,Lupaka Gold Corp.,Republic of Peru,Pending
ARB/20/45,Gesenu S.p.A.,Arab Republic of Egypt,Pending
ARB/20/44,Nasib Hasanov,Georgia,Pending
ARB/20/43,OTP Bank Plc,Republic of Croatia,Concluded
ARB/20/42,Orange S.A.,Republic of Iraq,Pending
ARB/20/41,"Eni International B.V., Eni Oil Holdings B.V. and Nigerian Agip Exploration Limited",Federal Republic of Nigeria,Pending
ARB/20/40,Qatar National Bank (Q.P.S.C.),Republic of South Sudan and Bank of South Sudan,Pending
ARB/20/39,Encavis AG and others,Italian Republic,Pending
ARB/20/38,"Nachingwea U.K. Limited (UK), Ntaka Nickel Holdings Limited (UK) and Nachingwea Nickel Limited (Tanzania)",United Republic of Tanzania,Pending
ARB/20/37,Durres Kurum Shipping SH. P.K. and others,Republic of Albania,Pending
ARB/20/36,Akfel Commodities Pte. Ltd. and I-Systems Global B.V.,Republic of Türkiye,Pending
ARB/20/35,Fin.Doc S.r.l. and others,Romania,Pending
ARB/20/34,Goh Chin Soon,People's Republic of China,Concluded
ARB/20/33,JCDecaux SA,Czech Republic,Pending
ARB/20/32,Setta Insaat Taahhüt Turz. Tekstil Gida San. Ve Tic. AS,Turkmenistan,Concluded
ARB/20/31,"IBT Group, LLC and IBT, LLC",Republic of Panama,Concluded
ARB/20/30,Donatas Aleksandravicius,Kingdom of Denmark,Concluded
ARB/20/29,"Human Rights Defenders Inc., as assignee of Natale Palazzo, Rodolfo Scodeller and Antonio Basile",Swiss Confederation,Concluded
ARB/20/28,Bob Meijer,Georgia,Pending
ARB/20/27,Barrick (PD) Australia Pty Limited,Independent State of Papua New Guinea,Pending
ARB/20/26,Fengzhen Min,Republic of Korea,Pending
ARB/20/25,Winshear Gold Corp.,United Republic of Tanzania,Pending
ARB/20/24,Teyliom International and others,Republic of Benin,Pending
ARB/20/23,Coöperatieve Rabobank U.A.,United Mexican States,Concluded
ARB/20/22,"Macro Trading Co., Ltd.",People's Republic of China,Concluded
ARB/20/21,AHG Industry GmbH & Co. KG,Republic of Iraq,Pending
ARB/20/20,Zaur Leshkasheli and Rosserlane Consultants Limited,Republic of Azerbaijan,Pending
ARB/20/19,"Campos de Pesé, S.A.",Republic of Panama,Pending
ARB/20/18,Desarrollo Vial de los Andes S.A.C.,Republic of Peru,Pending
ARB/20/17,Kansanshi Mining Plc,Republic of Zambia,Pending
ARB/20/16,AFC Investment Solutions S.L.,Republic of Colombia,Concluded
ARB/20/15,EP Wind Project (Rom) Six Ltd.,Romania,Pending
ARB/20/14,SMM Cerro Verde Netherlands B.V.,Republic of Peru,Pending
ARB/20/13,"Espíritu Santo Holdings, LP and L1bre Holding, LLC",United Mexican States,Pending
ARB/20/12,BRIF TRES d.o.o. Beograd and BRIF-TC d.o.o. Beograd,Republic of Serbia,Pending
ARB/20/11,Peteris Pildegovics and SIA North Star,Kingdom of Norway,Pending
ARB/20/10,Webuild S.p.A. (formerly Salini Impregilo S.p.A.),Republic of Panama,Pending
ARB/20/9,South32 SA Investments Limited,Republic of Colombia,Pending
ARB/20/8,Freeport-McMoRan Inc.,Republic of Peru,Pending
ARB/20/7,"Vercara, LLC (formerly Security Services, LLC, formerly Neustar, Inc.)",Republic of Colombia,Pending
UNCT/20/6,Theodore D. Einarsson and others,Canada,Pending
ARB/20/6,Adria Group B.V. and Adria Group Holding B.V.,Republic of Croatia,Pending
ARB/20/5,"Telcell Wireless, LLC and International Telcell Cellular, LLC",Georgia,Pending
ARB/20/4,Odebrecht Latinvest S.à.r.l.,Republic of Peru,Pending
ARB(AF)/20/3,"Liberty Seguros, Compañia de Seguros Y Reaseguros and Liberty UK and Europe Holdings Limited (UK)",Bolivarian Republic of Venezuela,Pending
UNCT/20/3,"Westmoreland Mining Holdings, LLC",Canada,Concluded
ARB/20/3,Hamburg Commercial Bank AG,Italian Republic,Pending
ARB(AF)/20/2,José Alejandro Hernández Contreras,Republic of Costa Rica,Concluded
UNCT/20/2,Carlos Sastre and others,United Mexican States,Concluded
ARB/20/2,Hope Services LLC,Republic of Cameroon,Concluded
CONC/20/1,Barrick (Niugini) Limited,Independent State of Papua New Guinea,Concluded
UNCT/20/1,"Odyssey Marine Exploration, Inc.",United Mexican States,Pending
ARB(AF)/20/1,EnviroGold (Las Lagunas) Limited,Dominican Republic,Pending
ARB/20/1,United Agencies Limited SA,People’s Democratic Republic of Algeria,Concluded
ARB/19/35,Marko Mihaljevic,Republic of Croatia,Concluded
ARB/19/34,"Amec Foster Wheeler USA Corporation, Process Consultants, Inc., and Joint Venture Foster Wheeler USA Corporation and Process Consultants, Inc.",Republic of Colombia,Pending
ARB/19/33,Société Générale S.A.,Republic of Croatia,Pending
ARB/19/32,DSG Yapi Sanayi Ticaret Anonim Sirketi,Kingdom of Saudi Arabia,Concluded
ARB/19/31,Gerald International Limited,Republic of Sierra Leone,Concluded
ARB/19/30,VM Solar Jerez GmbH and others,Kingdom of Spain,Pending
ARB/19/29,"Strabag SE, Erste Nordsee-Offshore Holding GmbH and Zweite Nordsee-Offshore Holding GmbH",Federal Republic of Germany,Pending
ARB/19/28,Latam Hydro LLC and CH Mamacocha S.R.L.,Republic of Peru,Pending
ARB/19/27,CTIP Oil & Gas International Limited,Arab Republic of Egypt,Pending
ARB/19/26,Terence Highlands,United Mexican States,Pending
ARB/19/25,Orazul International España Holdings S.L.,Argentine Republic,Pending
ARB/19/24,AAN Digital Services Holding Company (KSC),Democratic Republic of the Congo,Concluded
ARB/19/23,"Sapec, S.A.",Kingdom of Spain,Pending
ARB/19/22,"Glencore International A.G., C. I. Prodeco S.A., and Sociedad Portuaria Puerto Nuevo S.A.",Republic of Colombia,Pending
ARB/19/21,Petrochemical Holding GmbH,Romania,Pending
ARB/19/20,Ayat Nizar Raja Sumrain and others,State of Kuwait,Concluded
ARB/19/19,IC Power Ltd and Kenon Holdings Ltd,Republic of Peru,Pending
ARB/19/18,Niko Exploration (Block 9) Ltd.,People’s Republic of Bangladesh and Bangladesh Oil Gas and Mineral Corporation,Pending
ARB/19/17,"Richard N. Westbury, Paul D. Hinks and Symbion Power Tanzania Limited",United Republic of Tanzania,Concluded
ARB/19/16,Latin American Regional Aviation Holding S. de R.L.,Oriental Republic of Uruguay,Pending
ARB/19/15,Axiata Investments (UK) Limited and Ncell Private Limited,Nepal,Concluded
ARB/19/14,Impresa Pizzarotti & C. S.p.A.,Kingdom of Morocco,Concluded
ARB/19/13,Alejandro Diego Díaz Gaspar,Republic of Costa Rica,Concluded
ARB/19/12,Kornikom EOOD,Republic of Serbia,Pending
ARB/19/11,Nationale-Nederlanden Holdinvest B.V. and others,Argentine Republic,Pending
ARB/19/10,Shokat Mohammed Dalal,United Arab Emirates,Concluded
ARB/19/9,Artem Skubenko and others,Republic of North Macedonia,Pending
ARB/19/8,Ayoub-Farid Michel Saab,United Republic of Tanzania,Concluded
ARB/19/7,Petroceltic Holdings Limited and Petroceltic Resources Limited,Arab Republic of Egypt,Concluded
ARB/19/6,Angel Samuel Seda and others,Republic of Colombia,Pending
ARB/19/5,Enel Fortuna S.A.,Republic of Panama,Concluded
ARB/19/4,"Canepa Green Energy Opportunities I, S.à r.l. and Canepa Green Energy Opportunities II, S.à r.l.",Kingdom of Spain,Pending
ARB(AF)/19/3,"The Williams Companies International Holdings B.V., WilPro Energy Services (El Furrial) Limited and WilPro Energy Services (Pigap II) Limited",Bolivarian Republic of Venezuela,Pending
ARB/19/3,Energy Utility Corporation Limited,KivuWatt Limited,Concluded
ARB(AF)/19/2,Gustavo Maeso Lando,Bolivarian Republic of Venezuela,Pending
ARB/19/2,Scholz Holding GmbH,Kingdom of Morocco,Concluded
CONC/19/1,La Camerounaise des Eaux (CDE),Republic of Cameroon and Cameroon Water Utilities Cooperation (CAMWATER),Concluded
ARB(AF)/19/1,Alois Schönberger,Republic of Tajikistan,Pending
ARB/19/1,"Legacy Vulcan, LLC",United Mexican States,Pending
ARB/18/49,Smurfit Holdings B.V.,Bolivarian Republic of Venezuela,Pending
ARB/18/48,Hydrika 1 S.A.C. and others,Republic of Peru,Concluded
ARB/18/47,Rami Levy and others,Republic of Bulgaria,Pending
ARB/18/46,"Westwater Resources, Inc.",Republic of Türkiye,Pending
ARB/18/45,European Solar Farms A/S,Kingdom of Spain,Pending
ARB/18/44,SAUR and STEREAU,People’s Democratic Republic of Algeria,Concluded
ARB/18/43,"Daniel W. Kappes and Kappes, Cassiday & Associates",Republic of Guatemala,Pending
ARB/18/42,EBL (Genossenschaft Elektra Baselland) and Tubo Sol PE2 S.L.,Kingdom of Spain,Pending
ARB/18/41,Alexander Nelin,Republic of Cyprus,Concluded
ARB/18/40,"Inversiones Continental (Panamá), S.A.",Republic of Honduras,Pending
ARB/18/39,KLS Energy Lanka Sdn. Bhd. and KLS Energy Lanka (Private) Ltd,Democratic Socialist Republic of Sri Lanka,Pending
ARB/18/38,"Talal Al Awamleh, Arab Telemedia Services LLC and Ain Telemedia Studios LLC",State of Qatar,Concluded
ARB/18/37,Oļegs Roščins,Republic of Lithuania,Concluded
ARB/18/36,Société d’Energie et d’Eau du Gabon and Veolia Africa,"Gabonese Republic and Société de Patrimoine du service public de l’eau potable, de l’énergie électrique et de l’assainissement",Concluded
ARB/18/35,Dirk Herzig as Insolvency Administrator over the Assets of Unionmatex Industrieanlagen GmbH,Turkmenistan,Pending
ARB/18/34,SECE İnşaat ve Ticaret A.Ş.,Turkmenistan,Concluded
ARB/18/33,"GBM Global, S.A. de C.V., Fondo de Inversión de Renta Variable and others",Kingdom of Spain,Concluded
ARB/18/32,AS Windoor,Republic of Kazakhstan,Pending
ARB/18/31,International Holding Project Group and others,Arab Republic of Egypt,Pending
ARB/18/30,Alverley Investments Limited and Germen Properties Ltd,Romania,Concluded
ARB/18/29,The Carlyle Group L.P. and others,Kingdom of Morocco,Concluded
ARB/18/28,Rasia FZE and Joseph K. Borkowski,Republic of Armenia,Pending
ARB/18/27,Sociedad Aeroportuaria Kuntur Wasi S.A. and Corporación América S.A.,Republic of Peru,Pending
ARB/18/26,ENAGÁS S.A. (España) and ENAGÁS Internacional S.L.U. (España),Republic of Peru,Pending
ARB/18/25,Itochu Corporation,Kingdom of Spain,Pending
ARB/18/24,African Petroleum Senegal Limited,Republic of Senegal,Pending
ARB/18/23,Aris Mining Corporation (formerly known as GCM Mining Corp. and Gran Colombia Gold Corp.),Republic of Colombia,Pending
ARB/18/22,Tantalum International Ltd. and Emerge Gaming Ltd.,Arab Republic of Egypt,Concluded
ARB/18/21,Bay View Group LLC and The Spalena Company LLC,Republic of Rwanda,Concluded
ARB/18/20,Veolia Propreté SAS,Italian Republic,Pending
ARB/18/19,LSG Building Solutions GmbH and others,Romania,Pending
ARB/18/18,Ipek Investment Limited,Republic of Türkiye,Concluded
ARB/18/17,Autopista del Norte S.A.C.,Republic of Peru,Pending
ARB/18/16,Togo Terminal,Republic of Togo,Concluded
ARB/18/15,NEPC Consortium Power Limited,Bangladesh Power Development Board,Concluded
ARB/18/14,HOCHTIEF Infrastructure GmbH,Kingdom of Saudi Arabia,Concluded
ARB/18/13,Galway Gold Inc.,Republic of Colombia,Pending
ARB/18/12,Red Eagle Exploration Limited,Republic of Colombia,Pending
ARB/18/11,Société des Parcs d’Alger and Emirates International Investment Company LLC,People’s Democratic Republic of Algeria,Concluded
ARB/18/10,"West African Aquaculture Ltd, Kurt Lennart Hansson and Martje Bolt Hansson",Republic of The Gambia,Pending
ARB/18/9,Delta Belarus Holding BV,Republic of Belarus,Concluded
ARB/18/8,Rand Investments Ltd. and others,Republic of Serbia,Concluded
ARB/18/7,Corral Morocco Holdings AB,Kingdom of Morocco,Pending
UNCT/18/6,Sacyr S.A.,Republic of Panama,Pending
ARB(AF)/18/6,Dick Fernando Abanto Ishivata,Bolivarian Republic of Venezuela,Pending
ARB/18/6,Cem Selçuk Ersoy,Republic of Azerbaijan,Concluded
UNCT/18/5,PACC Offshore Services Holdings Ltd,United Mexican States,Concluded
ARB(AF)/18/5,Banco Bilbao Vizcaya Argentaria S.A.,Plurinational State of Bolivia,Concluded
ARB/18/5,Astrida Benita Carrizosa,Republic of Colombia,Concluded
UNCT/18/4,Alicia Grace and others,United Mexican States,Pending
ARB(AF)/18/4,Public Joint Stock Company Mobile TeleSystems,Turkmenistan,Concluded
ARB/18/4,Cascade Investments NV,Republic of Turkey,Concluded
UNCT/18/3,Michael Anthony Lee-Chin,Dominican Republic,Pending
ARB(AF)/18/3,"Kimberly-Clark Dutch Holdings, B.V., Kimberly-Clark S.L.U., and Kimberly-Clark BVBA",Bolivarian Republic of Venezuela,Concluded
ARB/18/3,"Telefónica, S.A.",Republic of Colombia,Pending
UNCT/18/2,Gramercy Funds Management LLC and Gramercy Peru Holdings LLC,Republic of Peru,Concluded
ARB(AF)/18/2,Shin Dong Baig,Socialist Republic of Vietnam,Concluded
ARB/18/2,Almasryia for Operating & Maintaining Touristic Construction Co. L.L.C.,State of Kuwait,Pending
UNCT/18/1,"Naturgy Energy Group, S.A. and Naturgy Electricidad Colombia, S.L. (formerly Gas Natural SDG, S.A. and Gas Natural Fenosa Electricidad Colombia, S.L.)",Republic of Colombia,Concluded
ADM/18/1 and SCC Case No. V2018/039,"Gardabani Holdings B.V., Inter RAO UES PJSC, Telasi JSC","Government of Georgia, Ministry of Economy and Sustainable Development of Georgia, State Service Bureau Ltd",Concluded
CONC/18/1,Société d’Energie et d’Eau du Gabon,Gabonese Republic,Concluded
ARB/18/1,ACF Renewable Energy Limited,Republic of Bulgaria,Pending
ARB(AF)/18/1,GRAND EXPRESS Non-Public Joint Stock Company,Republic of Belarus,Pending
ARB/17/49,Erste Group Bank AG and others,Republic of Croatia,Concluded
ARB/17/48,"Wise Solutions CDI, SA",Republic of Côte d'Ivoire,Concluded
ARB/17/47,AS PNB Banka and others,Republic of Latvia,Pending
ARB/17/46,Cunico Resources N.V.,Republic of North Macedonia,Concluded
ARB/17/45,Mazen Al Ramahi,Hungary,Concluded
ARB/17/44,The Lopez-Goyne Family Trust and others,Republic of Nicaragua,Concluded
ARB/17/43,"Samsung Engineering Co., Ltd.",Kingdom of Saudi Arabia,Concluded
ARB/17/42,MAKAE Europe SARL,Kingdom of Saudi Arabia,Concluded
ARB/17/41,DCM Energy GmbH & Co. Solar 1 KG and others,Kingdom of Spain,Pending
ARB/17/40,APCL Gambia B.V.,Republic of The Gambia,Concluded
ARB/17/39,African Petroleum Gambia Limited and APCL Gambia B.V.,Republic of The Gambia,Concluded
ARB/17/38,Petronor E&P Gambia Limited and APCL Gambia B.V.,Republic of The Gambia,Concluded
ARB/17/37,Addiko Bank AG and Addiko Bank d.d.,Republic of Croatia,Pending
ARB/17/36,Edmond Khudyan and Arin Capital & Investment Corp.,Republic of Armenia,Pending
ARB/17/35,Addiko Bank AG,Montenegro,Concluded
ARB/17/34,Raiffeisen Bank International AG and Raiffeisenbank Austria d.d.,Republic of Croatia,Concluded
ARB/17/33,EcoDevelopment in Europe AB and EcoEnergy Africa AB,United Republic of Tanzania,Concluded
ARB/17/32,Elitech B.V. and Razvoj Golf D.O.O.,Republic of Croatia,Concluded
ARB/17/31,Future Pipe International B.V.,Arab Republic of Egypt,Concluded
ARB/17/30,Lotus Holding Anonim Şirketi,Turkmenistan,Concluded
ARB/17/29,Gardabani Holdings B.V. and Silk Road Holdings B.V.,Georgia,Pending
ARB/17/28,LTME Mauritius Limited and Madamobil Holdings Mauritius Limited,Republic of Madagascar,Pending
ARB/17/27,"Magyar Farming Company Ltd, Kintyre Kft and Inicia Zrt",Hungary,Concluded
ARB/17/26,Puma Energy PNG Supply Ltd and Puma Energy PNG Refining Limited,Independent State of Papua New Guinea,Concluded
ARB/17/25,Mabco Constructions SA,Republic of Kosovo,Pending
ARB/17/24,"Bursel Tekstil Sanayi Ve Diş Ticaret A.Ş., Burhan Enuştekin and Selim Kaptanoğlu",Republic of Uzbekistan,Pending
ARB/17/23,"CMC Muratori Cementisti CMC Di Ravenna SOC. Coop., CMC MuratoriCementisti CMC Di Ravenna SOC. Coop. A.R.L. Maputo Branch and CMC Africa Austral, LDA",Republic of Mozambique,Concluded
ARB/17/22,Big Sky Energy Corporation,Republic of Kazakhstan,Concluded
ARB/17/21,DP World Limited,Kingdom of Belgium,Pending
ARB/17/20,BM Mühendislik ve İnşaat A.Ş.,United Arab Emirates,Pending
ARB/17/19,Hela Schwarz GmbH,People's Republic of China,Pending
ARB/17/18,"(DS)2, S.A., Peter de Sutter and Kristof De Sutter",Republic of Madagascar,Concluded
ARB/17/17,"MetLife, Inc. and MetLife Servicios S.A.",Argentine Republic,Pending
ARB/17/16,Carlos Rios and Francisco Javier Rios,Republic of Chile,Concluded
ARB/17/15,Portigon AG,Kingdom of Spain,Pending
ARB/17/14,"Rockhopper Italia S.p.A., Rockhopper Mediterranean Ltd, and Rockhopper Exploration Plc",Italian Republic,Pending
ARB/17/13,"Grenada Private Power Limited and WRB Enterprises, Inc.",Grenada,Concluded
ARB/17/12,Jochem Bernard Buse,Republic of Panama,Pending
ARB/17/11,Pawlowski AG and Project Sever s.r.o.,Czech Republic,Pending
ARB/17/10,Itisaluna Iraq LLC and others,Republic of Iraq,Concluded
ARB/17/9,"Lidercón, S.L.",Republic of Peru,Concluded
ARB/17/8,"Rizzani de Eccher S.p.A., Obrascón Huarte Lain S.A. and Trevi S.p.A.",State of Kuwait,Pending
ARB/17/7,Agility Public Warehousing Company K.S.C.,Republic of Iraq,Pending
ARB/17/6,Anglo-Adriatic Group Limited,Republic of Albania,Concluded
ARB/17/5,Eugene Kazmin,Republic of Latvia,Concluded
ARB(AF)/17/4,Venoklim Holding B.V.,Bolivarian Republic of Venezuela,Pending
ARB/17/4,Bank of Cyprus Public Company Limited,Hellenic Republic,Concluded
ARB(AF)/17/3,"Vento Motorcycles, Inc.",United Mexican States,Concluded
ARB/17/3,Metro de Lima Línea 2 S.A.,Republic of Peru,Pending
ARB(AF)/17/2,Eutelsat S.A.,United Mexican States,Concluded
ARB/17/2,Mera Investment Fund Limited,Republic of Serbia,Concluded
UNCT/17/1,Joshua Dean Nelson,United Mexican States,Concluded
ADHOC/17/1,Sanum Investments Limited,Lao People’s Democratic Republic,Pending
ARB/17/1,Ortiz Construcciones y Proyectos S.A.,People's Democratic Republic of Algeria,Concluded
ARB(AF)/17/1,Air Canada,Bolivarian Republic of Venezuela,Concluded
ARB/16/42,Omega Engineering LLC and Oscar Rivera,Republic of Panama,Concluded
ARB/16/41,Eco Oro Minerals Corp.,Republic of Colombia,Pending
ARB/16/40,Saint Patrick Properties Corporation,Bolivarian Republic of Venezuela,Concluded
ARB/16/39,VC Holding II S.a.r.l. and others,Italian Republic,Pending
ARB/16/38,"Staur Eiendom AS, EBO Invest AS and Rox Holding AS",Republic of Latvia,Concluded
ARB/16/37,"LP Egypt Holdings I, LLC, Fund III Egypt, LLC and OMLP Egypt Holdings I, LLC",Arab Republic of Egypt,Concluded
ARB/16/36,"Viaduct d.o.o. Portorož, Vladimir Zevnik and Boris Goljevšček",Bosnia and Herzegovina,Pending
ARB/16/35,Emergofin B.V. and Velbay Holdings Ltd.,Ukraine,Pending
ARB/16/34,"Bridgestone Licensing Services, Inc. and Bridgestone Americas, Inc.",Republic of Panama,Concluded
ARB/16/33,APM Terminals Callao S.A.,Republic of Peru,Concluded
ARB/16/32,Thomas Gosling and others,Republic of Mauritius,Concluded
ARB/16/31,UniCredit Bank Austria AG and Zagrebačka Banka d.d.,Republic of Croatia,Concluded
ARB/16/30,Görkem Inşaat Sanayi ve Ticaret Limited Şirketi,Turkmenistan,Concluded
ARB/16/29,AVAX S.A.,Lebanese Republic,Pending
ARB/16/28,Amlyn Holding B.V.,Republic of Croatia,Concluded
ARB/16/27,Sevilla Beheer B.V. and others,Kingdom of Spain,Concluded
ARB/16/26,Oleovest Pte. Ltd.,Republic of Indonesia,Concluded
ARB/16/25,Raymond Charles Eyre and Montrose Developments (Private) Limited,Democratic Socialist Republic of Sri Lanka,Concluded
ARB/16/24,"ČEZ, a.s.",Republic of Bulgaria,Pending
ARB/16/23,"Agroinsumos Ibero-Americanos, S.L. and others",Bolivarian Republic of Venezuela,Pending
ARB/16/22,Prime Energy Resources Development B.V. (formerly Shell Philippines Exploration B.V.),Republic of the Philippines,Pending
ARB/16/21,TransCanada Corporation and TransCanada PipeLines Limited,United States of America,Concluded
ARB/16/20,Iskandar Safa and Akram Safa,Hellenic Republic,Concluded
ARB/16/19,"Nova Group Investments, B.V.",Romania,Pending
ARB/16/18,Infracapital F1 S.à r.l. and Infracapital Solar B.V.,Kingdom of Spain,Pending
ARB/16/17,Sun-Flower Olmeda GmbH & Co KG and others,Kingdom of Spain,Pending
ARB/16/16,Global Telecom Holding S.A.E.,Canada,Concluded
ARB/16/15,AngloGold Ashanti (Ghana) Limited,Republic of Ghana,Concluded
ARB/16/14,"ENGIE SA, GDF International SAS and ENGIE International Holdings BV",Hungary,Concluded
ARB/16/13,Dominion Minerals Corp.,Republic of Panama,Pending
ARB/16/12,Alhambra Resources Ltd. and Alhambra Coӧperatief U.A.,Republic of Kazakhstan,Concluded
ARB/16/11,"Société Resort Company Invest Abidjan, Stanislas Citerici and Gérard Bot",Republic of Côte d'Ivoire,Concluded
ARB/16/10,Kunsttrans Holding GmbH and Kunsttrans d.o.o. Beograd,Republic of Serbia,Concluded
ARB/16/9,Italba Corporation,Oriental Republic of Uruguay,Concluded
ARB/16/8,Zbigniew Piotr Grot and others,Republic of Moldova,Concluded
ARB/16/7,Attila Doğan Construction & Installation Co. Inc.,Sultanate of Oman,Pending
ARB/16/6,Glencore International A.G. and C.I. Prodeco S.A.,Republic of Colombia,Concluded
ARB(AF)/16/5,América Móvil S.A.B. de C.V.,Republic of Colombia,Concluded
ARB/16/5,"ESPF Beteiligungs GmbH, ESPF Nr. 2 Austria Beteiligungs GmbH, and InfraClass Energie 5 GmbH & Co. KG",Italian Republic,Pending
ARB(AF)/16/4,JSC Tashkent Mechanical Plant and others,Kyrgyz Republic,Concluded
ARB/16/4,Eurus Energy Holdings Corporation,Kingdom of Spain,Concluded
ARB(AF)/16/3,"B-Mex, LLC and others",United Mexican States,Pending
ARB/16/3,Veolia Environnement S.A. and others,Republic of Lithuania,Pending
ARB(AF)/16/2,Lao Holdings N.V.,Lao People’s Democratic Republic,Pending
ARB/16/2,Champion Holding Company and others,Arab Republic of Egypt,Concluded
CONC/16/1,Xenofon Karagiannis,Republic of Albania,Pending
ARB(AF)/16/1,Luis García Armas,Bolivarian Republic of Venezuela,Pending
ARB/16/1,Al Jazeera Media Network,Arab Republic of Egypt,Pending
ARB/15/50,Eskosol S.p.A. in liquidazione,Italian Republic,Concluded
ARB/15/49,Theodoros Adamakopoulos and others,Republic of Cyprus,Pending
ARB/15/48,"Abertis Infraestructuras, S.A.",Argentine Republic,Concluded
ARB/15/47,ArcelorMittal S.A.,Arab Republic of Egypt,Concluded
ARB/15/46,BSG Resources (Guinea) Limited and BSG Resources (Guinea) SÀRL,Republic of Guinea,Concluded
ARB/15/45,Landesbank Baden-Württemberg and others,Kingdom of Spain,Pending
ARB/15/44,Watkins Holdings S.à r.l. and others,Kingdom of Spain,Pending
ARB/15/43,State General Reserve Fund of the Sultanate of Oman,Republic of Bulgaria,Concluded
ARB/15/42,Hydro Energy 1 S.à r.l. and Hydroxana Sweden AB,Kingdom of Spain,Concluded
ARB/15/41,Standard Chartered Bank (Hong Kong) Limited,United Republic of Tanzania,Concluded
ARB/15/40,Belenergia S.A.,Italian Republic,Concluded
ARB/15/39,Webuild S.p.A. (formerly Salini Impregilo S.p.A.),Argentine Republic,Pending
ARB/15/38,SolEs Badajoz GmbH,Kingdom of Spain,Concluded
ARB/15/37,Silver Ridge Power BV,Italian Republic,Concluded
ARB/15/36,OperaFund Eco-Invest SICAV PLC and Schwab Holding AG,Kingdom of Spain,Concluded
ARB/15/35,"E.ON SE, E.ON Finanzanlagen GmbH and E.ON Iberia Holding GmbH",Kingdom of Spain,Pending
ARB/15/34,"Cavalum SGPS, S.A.",Kingdom of Spain,Concluded
ARB/15/33,Gilward Investments B.V.,Ukraine,Pending
ARB/15/32,B.V. Belegging-Maatschappij “Far East”,Republic of Austria,Concluded
ARB/15/31,Gabriel Resources Ltd. and Gabriel Resources (Jersey),Romania,Pending
ARB/15/30,"Samsung Engineering Co., Ltd.",Sultanate of Oman,Concluded
ARB/15/29,"Cortec Mining Kenya Limited, Cortec (Pty) Limited and Stirling Capital Limited",Republic of Kenya,Concluded
ARB/15/28,Hydro S.r.l. and others,Republic of Albania,Concluded
ARB/15/27,JGC Holdings Corporation (formerly JGC Corporation),Kingdom of Spain,Pending
ARB/15/26,Nabucco Gas Pipeline International GmbH in Liqu.,Republic of Turkey,Concluded
ARB/15/25,KS Invest GmbH and TLS Invest GmbH,Kingdom of Spain,Pending
ARB/15/24,Ali Alyafei,Hashemite Kingdom of Jordan,Concluded
ARB/15/23,Mathias Kruck and others,Kingdom of Spain,Pending
ARB/15/22,ACP Axos Capital GmbH,Republic of Kosovo,Concluded
ARB/15/21,Menzies Middle East and Africa S.A. and Aviation Handling Services International Ltd.,Republic of Senegal,Concluded
ARB/15/20,Cube Infrastructure Fund SICAV and others,Kingdom of Spain,Concluded
ARB/15/19,ENERGO-PRO a.s.,Republic of Bulgaria,Concluded
ARB/15/18,Capital Financial Holdings Luxembourg S.A.,Republic of Cameroon,Concluded
ARB/15/17,Hanocal Holding B.V. and IPIC International B.V.,Republic of Korea,Concluded
ARB/15/16,BayWa r.e. AG,Kingdom of Spain,Concluded
ARB/15/15,9REN Holding S.a.r.l,Kingdom of Spain,Concluded
ARB/15/14,Álvarez y Marín Corporación S.A. and others,Republic of Panama,Concluded
ARB/15/13,Devincci Salah Hourani and Issam Salah Hourani,Republic of Kazakhstan,Concluded
ARB/15/12,"PT Ventures, SGPS, S.A.",Republic of Cabo Verde,Concluded
ARB/15/11,Total E&P Uganda BV,Republic of Uganda,Concluded
ARB/15/10,Orange SA,Hashemite Kingdom of Jordan,Concluded
ARB/15/9,Poltava Gas B.V. and Poltava Petroleum Company,Ukraine,Concluded
ARB/15/8,Aktau Petrol Ticaret A.Ş.,Republic of Kazakhstan,Concluded
ARB/15/7,WalAm Energy LLC,Republic of Kenya,Concluded
ARB/15/6,Mobil Investments Canada Inc.,Canada,Concluded
ARB/15/5,B3 Croatian Courier Coöperatief U.A.,Republic of Croatia,Concluded
ARB/15/4,STEAG GmbH,Kingdom of Spain,Pending
UNCT/15/3,David Aven et al.,Republic of Costa Rica,Concluded
ARB/15/3,Abed El Jaouni,Lebanese Republic,Pending
ARB(AF)/15/2,Lion Mexico Consolidated L.P.,United Mexican States,Concluded
UNCT/15/2,Lone Pine Resources Inc.,Canada,Concluded
ARB/15/2,"Lighthouse Corporation Pty Ltd and Lighthouse Corporation Ltd, IBC",Democratic Republic of Timor-Leste,Concluded
ADHOC/15/1,"Strabag SE, Raiffeisen Centrobank AG and Syrena Immobilien Holding AG",Republic of Poland,Concluded
ARB(AF)/15/1,Strabag SE,Libya,Concluded
UNCT/15/1,A11Y LTD.,Czech Republic,Concluded
ARB/15/1,"Stadtwerke München GmbH, RWE Innogy GmbH, and others",Kingdom of Spain,Concluded
ARB/14/35,Baymina Enerji Anonim Şirketi,Boru Hatları ile Petrol Taşıma Anonim Şirketi,Concluded
ARB/14/34,RWE Innogy GmbH and RWE Innogy Aersa S.A.U.,Kingdom of Spain,Pending
ARB/14/33,"IBT Group, LLC, Constructor, Consulting and Engineering (Panamá), S.A., and International Business and Trade, LLC.",Republic of Panama,Concluded
ARB/14/32,Casinos Austria International GmbH and Casinos Austria Aktiengesellschaft,Argentine Republic,Pending
ARB/14/31,Tariq Bashir and SA Interpétrol Burundi,Republic of Burundi,Concluded
ARB/14/30,Beijing Urban Construction Group Co. Ltd.,Republic of Yemen,Concluded
ARB/14/29,"Ioan Micula, Viorel Micula and others",Romania,Concluded
ARB/14/28,Alpiq AG,Romania,Pending
ARB/14/27,Zelena N.V. and Energo-Zelena d.o.o Inđija,Republic of Serbia,Concluded
ARB/14/26,"Albaniabeg Ambient Sh.p.k, M. Angelo Novelli and Costruzioni S.r.l.",Republic of Albania,Concluded
ARB/14/25,"Ansung Housing Co., Ltd.",People's Republic of China,Concluded
ARB/14/24,United Utilities (Tallinn) B.V. and Aktsiaselts Tallinna Vesi,Republic of Estonia,Concluded
ARB/14/23,Tamagot Bumi S.A. and Bumi Mauritania S.A.,Islamic Republic of Mauritania,Concluded
ARB/14/22,"BSG Resources Limited (in administration), BSG Resources (Guinea) Limited and BSG Resources (Guinea) SÀRL",Republic of Guinea,Concluded
ARB/14/21,Bear Creek Mining Corporation,Republic of Peru,Concluded
ARB/14/20,Sodexo Pass International SAS,Hungary,Concluded
ARB/14/19,VICAT,Republic of Senegal,Concluded
ARB/14/18,RENERGY S.à r.l.,Kingdom of Spain,Pending
ARB/14/17,Krederi Ltd.,Ukraine,Concluded
ARB/14/16,Cyprus Popular Bank Public Co. Ltd.,Hellenic Republic,Concluded
ARB/14/15,Nusa Tenggara Partnership B.V. and PT Newmont Nusa Tenggara,Republic of Indonesia,Concluded
ARB/14/14,EuroGas Inc. and Belmont Resources Inc.,Slovak Republic,Concluded
ARB/14/13,Elektrogospodarstvo Slovenije - razvoj in inzeniring d.o.o.,Bosnia and Herzegovina,Pending
ARB/14/12,InfraRed Environmental Infrastructure GP Limited and others,Kingdom of Spain,Concluded
ARB/14/11,NextEra Energy Global Holdings B.V. and NextEra Energy Spain Holdings B.V.,Kingdom of Spain,Concluded
ARB/14/10,"Highbury International AVV, Compañía Minera de Bajo Caroní AVV, and Ramstein Trading Inc.",Bolivarian Republic of Venezuela,Concluded
ARB/14/9,"City-State N.V., Praktyka Asset Management Company LLC, Crystal-Invest LLC and Prodiz LLC",Ukraine,Concluded
ARB/14/8,CEAC Holdings Limited,Montenegro,Concluded
ARB/14/7,African Petroleum Gambia Limited (Block A4),Republic of The Gambia,Concluded
ARB/14/6,African Petroleum Gambia Limited (Block A1),Republic of The Gambia,Concluded
ARB/14/5,Infinito Gold Ltd.,Republic of Costa Rica,Pending
ARB/14/4,"Unión Fenosa Gas, S.A.",Arab Republic of Egypt,Concluded
ARB(AF)/14/3,"Corona Materials, LLC",Dominican Republic,Concluded
ARB/14/3,"Blusun S.A., Jean-Pierre Lecorcier and Michael Stein",Italian Republic,Concluded
ARB(AF)/14/2,Oded Besserglik,Republic of Mozambique,Concluded
UNCT/14/2,Eli Lilly and Company,Canada,Concluded
ARB/14/2,Michael Dagher,Republic of the Sudan,Concluded
ARB(AF)/14/1,Anglo American PLC,Bolivarian Republic of Venezuela,Concluded
ARB/14/1,Masdar Solar & Wind Cooperatief U.A.,Kingdom of Spain,Concluded
ARB/13/38,"Fouad Alghanim & Sons Co. for General Trading & Contracting, W.L.L. and Fouad Mohammed Thunyan Alghanim",Hashemite Kingdom of Jordan,Concluded
ARB/13/37,"Utsch M.O.V.E.R.S. International GmbH, Erich Utsch Aktiengesellschaft, and Helmut Jungbluth",Arab Republic of Egypt,Concluded
ARB/13/36,Eiser Infrastructure Limited and Energía Solar Luxembourg S.à r.l.,Kingdom of Spain,Pending
ARB/13/35,UP and C.D Holding Internationale,Hungary,Concluded
ARB/13/34,Courts (Indian Ocean) Limited and Courts Madagascar S.A.R.L.,Republic of Madagascar,Concluded
ARB/13/33,PNG Sustainable Development Program Ltd.,Independent State of Papua New Guinea,Concluded
ARB/13/32,MOL Hungarian Oil and Gas Company Plc,Republic of Croatia,Concluded
ARB/13/31,Infrastructure Services Luxembourg S.à.r.l. and Energia Termosolar B.V. (formerly Antin Infrastructure Services Luxembourg S.à.r.l. and Antin Energia Termosolar B.V.),Kingdom of Spain,Concluded
ARB/13/30,RREEF Infrastructure (G.P.) Limited and RREEF Pan-European Infrastructure Two Lux S.à r.l.,Kingdom of Spain,Concluded
ARB/13/29,Cementos La Union S.A. and Aridos Jativa S.L.U,Arab Republic of Egypt,Pending
ARB/13/28,"Transglobal Green Energy, LLC and Transglobal Green Energy de Panama, S.A.",Republic of Panama,Concluded
ARB/13/27,"Marfin Investment Group Holdings S.A., Alexandros Bakatselos and others",Republic of Cyprus,Concluded
ARB/13/26,"Spentex Netherlands, B.V.",Republic of Uzbekistan,Concluded
ARB/13/25,Tullow Uganda Operations Pty Ltd and Tullow Uganda Limited,Republic of Uganda,Concluded
ARB/13/24,Republic of Peru,Caravelí Cotaruse Transmisora de Energía S.A.C.,Concluded
ARB/13/23,ASA International S.p.A.,Arab Republic of Egypt,Concluded
ARB/13/22,Erbil Serter,French Republic,Concluded
ARB/13/21,Edenred S.A.,Hungary,Concluded
ARB/13/20,Interocean Oil Development Company and Interocean Oil Exploration Company,Federal Republic of Nigeria,Concluded
ARB/13/19,Güneş Tekstil Konfeksiyon Sanayi ve Ticaret Limited Şirketi and others,Republic of Uzbekistan,Concluded
ARB/13/18,Enel Green Power S.p.A.,Republic of El Salvador,Concluded
ARB/13/17,EVN AG,Republic of Bulgaria,Concluded
ARB/13/16,Société des Mines de Loulo S.A.,Republic of Mali,Concluded
ARB/13/15,Lundin Tunisia B.V.,Republic of Tunisia,Concluded
ARB/13/14,RSM Production Corporation,Republic of Cameroon,Concluded
ARB/13/13,Caratube International Oil Company LLP and Devincci Salah Hourani,Republic of Kazakhstan,Concluded
ARB/13/12,"Lieven J. van Riet, Chantal C. van Riet and Christopher van Riet",Republic of Croatia,Concluded
ARB/13/11,"Valores Mundiales, S.L. and Consorcio Andino, S.L.",Bolivarian Republic of Venezuela,Pending
ARB/13/10,"Impresa Grassetto S. p. A., in liquidation",Republic of Slovenia,Concluded
ARB/13/9,Federal Elektrik Yatırım ve Ticaret A.Ş. and others,Republic of Uzbekistan,Concluded
ARB/13/8,"Poštová banka, a.s. and ISTROKAPITAL SE",Hellenic Republic,Concluded
ARB/13/7,Joseph Houben,Republic of Burundi,Concluded
ARB/13/6,Vladislav Kim and others,Republic of Uzbekistan,Concluded
ARB/13/5,Ossama Al Sharif,Arab Republic of Egypt,Concluded
ARB/13/4,Ossama Al Sharif,Arab Republic of Egypt,Concluded
ARB/13/3,Ossama Al Sharif,Arab Republic of Egypt,Concluded
ARB(AF)/13/2,"Cemusa - Corporación Europea de Mobiliario Urbano, S.A. and Corporación Americana de Equipamientos Urbanos, S.L.",United Mexican States,Concluded
UNCT/13/2,"Aaron C.Berkowitz, Brett E. Berkowitz and Trevor B. Berkowitz",Republic of Costa Rica,Concluded
ARB/13/2,Cervin Investissements S.A. and Rhone Investissements S.A.,Republic of Costa Rica,Concluded
UNCT/13/1,"The Renco Group, Inc.",Republic of Peru,Concluded
ARB(AF)/13/1,Consolidated Exploration Holdings Ltd. and others,Kyrgyz Republic,Concluded
ARB/13/1,Karkey Karadeniz Elektrik Uretim A.S.,Islamic Republic of Pakistan,Concluded
ARB/12/40 and 12/14,"Churchill Mining Plc and Planet Mining Pty Ltd, formerly ARB/12/40",Republic of Indonesia,Concluded
ARB/12/39,Georg Gavrilović and Gavrilović d.o.o.,Republic of Croatia,Concluded
ARB/12/38,"Repsol, S.A. and Repsol Butano, S.A.",Argentine Republic,Concluded
ARB/12/37,LSF-KEB Holdings SCA and others,Republic of Korea,Concluded
ARB/12/36,Société Civile Immobilière de Gaëta,Republic of Guinea,Concluded
ARB/12/35,Orascom TMT Investments S.à r.l.,People's Democratic Republic of Algeria,Concluded
ARB/12/34,Tullow Uganda Operations PTY LTD,Republic of Uganda,Concluded
ARB/12/33,UAB E energija (Lithuania),Republic of Latvia,Concluded
ARB/12/32,Gelsenwasser AG,People's Democratic Republic of Algeria,Concluded
ARB/12/31,"Guardian Fiduciary Trust, Ltd, f/k/a Capital Conservator Savings & Loan, Ltd","Macedonia, former Yugoslav Republic of",Concluded
ARB/12/30,Lundin Tunisia B. V.,Republic of Tunisia,Concluded
ARB/12/29,"Ping An Life Insurance Company of China, Limited and Ping An Insurance (Group) Company of China, Limited",Kingdom of Belgium,Concluded
ARB/12/28,Pluspetrol Perú Corporation and others,Perupetro S.A.,Concluded
ARB/12/27,Bidzina Ivanishvili,Georgia,Concluded
ARB/12/26,Sudapet Company Limited,Republic of South Sudan,Concluded
ARB/12/25,Marco Gavazzi and Stefano Gavazzi,Romania,Concluded
ARB/12/24,Transban Investments Corp.,Bolivarian Republic of Venezuela,Concluded
ARB/12/23,Tenaris S.A. and Talta - Trading e Marketing Sociedade Unipessoal Lda.,Bolivarian Republic of Venezuela,Concluded
ARB/12/22,Venoklim Holding B.V.,Bolivarian Republic of Venezuela,Concluded
ARB/12/21,"Fábrica de Vidrios Los Andes, C.A. and Owens-Illinois de Venezuela, C.A.",Bolivarian Republic of Venezuela,Concluded
ARB/12/20,Blue Bank International & Trust (Barbados) Ltd.,Bolivarian Republic of Venezuela,Concluded
ARB/12/19,Ternium S.A. and Consorcio Siderurgia Amazonia S.L.,Bolivarian Republic of Venezuela,Concluded
ARB/12/18,Valle Verde Sociedad Financiera S.L.,Bolivarian Republic of Venezuela,Concluded
ARB/12/17,"Inversión y Gestión de Bienes, IGB, S.L. and IGB18 Las Rozas, S.L.",Kingdom of Spain,Concluded
ARB/12/16,"Novera AD, Novera Properties B.V. and Novera Properties N.V.",Republic of Bulgaria,Concluded
ARB/12/15,Veolia Propreté,Arab Republic of Egypt,Concluded
ARB/12/14 and 12/40,"Churchill Mining Plc and Planet Mining Pty Ltd, formerly ARB/12/14",Republic of Indonesia,Concluded
ARB/12/13,Saint-Gobain Performance Plastics Europe,Bolivarian Republic of Venezuela,Concluded
ARB/12/12,Vattenfall AB and others,Federal Republic of Germany,Concluded
ARB/12/11,Ampal-American Israel Corporation and others,Arab Republic of Egypt,Concluded
ARB/12/10,RSM Production Corporation,Saint Lucia,Concluded
ARB/12/9,Dan Cake (Portugal) S.A.,Hungary,Concluded
ARB(AF)/12/8,MNSS B.V. and Recupero Credito Acciaio N.V.,Montenegro,Concluded
ARB/12/8,Société Industrielle des Boissons de Guinée,Republic of Guinea,Concluded
ARB(AF)/12/7,Mobile TeleSystems OJSC,Republic of Uzbekistan,Concluded
ARB/12/7,"Slovak Gas Holding BV, GDF International SAS and E.ON Ruhrgas International GmbH",Slovak Republic,Concluded
ARB(AF)/12/6,Lao Holdings N.V.,Lao People’s Democratic Republic,Concluded
ARB/12/6,Muhammet Ҫap & Bankrupt Sehil Inşaat Endustri ve Ticaret Ltd. Sti.,Turkmenistan,Concluded
ARB(AF)/12/5,Rusoro Mining Ltd.,Bolivarian Republic of Venezuela,Concluded
ARB/12/5,Isolux Corsán Concesiones S.A.,Republic of Peru,Concluded
ARB(AF)/12/4,Telefónica S.A.,United Mexican States,Concluded
ARB/12/4,Supervision y Control S.A.,Republic of Costa Rica,Concluded
ARB(AF)/12/3,"Mercer International, Inc.",Canada,Concluded
ARB/12/3,Accession Mezzanine Capital L.P. and Danubius Kereskedöház Vagyonkezelö Zrt.,Hungary,Concluded
CONC(AF)/12/2,Republic of Equatorial Guinea,CMS Energy Corporation and others,Concluded
ARB(AF)/12/2,Grupo Francisco Hernando Contreras,Republic of Equatorial Guinea,Concluded
ARB/12/2,"Emmis International Holding, B.V., Emmis Radio Operating, B.V., and MEM Magyar Electronic Media Kereskedelmi és Szolgáltató Kft.",Hungary,Concluded
ARB/12/1,Tethyan Copper Company Pty Limited,Islamic Republic of Pakistan,Concluded
CONC(AF)/12/1,"Hess Equatorial Guinea, Inc. and Tullow Equatorial Guinea Limited",Republic of Equatorial Guinea,Pending
ARB(AF)/12/1,Apotex Holdings Inc. and Apotex Inc.,United States of America,Concluded
ARB/11/33,Adel A Hamadi Al Tamimi,Sultanate of Oman,Concluded
ARB/11/32,Indorama International Finance Limited,Arab Republic of Egypt,Concluded
ARB/11/31,"Gambrinus, Corp.",Bolivarian Republic of Venezuela,Concluded
ARB/11/30,Hortensia Margarita Shortt,Bolivarian Republic of Venezuela,Concluded
ARB/11/29,Getma International and others,Republic of Guinea,Concluded
ARB/11/28,Tulip Real Estate and Development Netherlands B.V.,Republic of Turkey,Concluded
ARB/11/27,Baggerwerken Decloedt En Zoon NV,Republic of the Philippines,Concluded
ARB/11/26,Tenaris S.A. and Talta - Trading e Marketing Sociedade Unipessoal Lda.,Bolivarian Republic of Venezuela,Concluded
ARB/11/25,OI European Group B.V.,Bolivarian Republic of Venezuela,Concluded
ARB/11/24,Mamidoil Jetoil Greek Petroleum Products Societe Anonyme S.A.,Republic of Albania,Concluded
ARB/11/23,Franck Charles Arif,Republic of Moldova,Concluded
ARB/11/22,Vigotop Limited,Hungary,Concluded
ARB/11/21,"DP World Callao S.R.L., P&O Dover (Holding) Limited, and The Peninsular and Oriental Steam Navigation Company",Republic of Peru,Concluded
ARB/11/20,Garanti Koza LLP,Turkmenistan,Concluded
ARB/11/19,Koch Minerals Sàrl and Koch Nitrogen International Sàrl,Bolivarian Republic of Venezuela,Concluded
ARB/11/18,Burimi SRL and Eagle Games SH.A,Republic of Albania,Concluded
ARB/11/17,Renée Rose Levy de Levi and Gremcitel S.A.,Republic of Peru,Concluded
ARB/11/16,"Hussain Sajwani, Damac Park Avenue for Real Estate Development S.A.E., and Damac Gamsha Bay for Development S.A.E.",Arab Republic of Egypt,Concluded
ARB/11/15,Ekran Berhad,People's Republic of China,Concluded
ARB/11/14,"Diamond Fields Liberia, Inc.",Republic of Liberia,Concluded
ARB/11/13,Rafat Ali Rizvi,Republic of Indonesia,Concluded
ARB/11/12,Fraport AG Frankfurt Airport Services Worldwide,Republic of the Philippines,Concluded
ARB/11/11,AHS Niger and Menzies Middle East and Africa S.A.,Republic of Niger,Concluded
ARB/11/10,"The Williams Companies, International Holdings B.V., WilPro Energy Services (El Furrial) Limited and WilPro Energy Services (Pigap II) Limited",Bolivarian Republic of Venezuela,Concluded
ARB/11/9,Caravelí Cotaruse Transmisora de Energía S.A.C.,Republic of Peru,Concluded
ARB/11/8,Agility for Public Warehousing Company K.S.C.,Islamic Republic of Pakistan,Concluded
ARB/11/7,National Gas S.A.E.,Arab Republic of Egypt,Concluded
ARB/11/6,Bawabet Al Kuwait Holding Company,Arab Republic of Egypt,Concluded
ARB/11/5,Longreef Investments A.V.V.,Bolivarian Republic of Venezuela,Concluded
ARB(AF)/11/4,Mobile TeleSystems OJSC,Turkmenistan,Concluded
ARB/11/4,Club Hotel Loutraki S.A. and Casinos Austria International Holding GMBH,Republic of Serbia,Concluded
ARB(AF)/11/3,"Vincent J. Ryan, Schooner Capital LLC, and Atlantic Investment Partners LLC",Republic of Poland,Concluded
ARB/11/3,Accession Eastern Europe Capital AB and Mezzanine Management Sweden AB,Republic of Bulgaria,Concluded
ARB(AF)/11/2,Crystallex International Corporation,Bolivarian Republic of Venezuela,Concluded
ARB/11/2,Türkiye Petrolleri Anonim Ortaklığı,Republic of Kazakhstan,Concluded
CONC/11/1,RSM Production Corporation,Republic of Cameroon,Concluded
ARB(AF)/11/1,Nova Scotia Power Incorporated,Bolivarian Republic of Venezuela,Concluded
ARB/11/1,Highbury International AVV and Ramstein Trading Inc.,Bolivarian Republic of Venezuela,Concluded
ARB/10/25,"Border Timbers Limited, Timber Products International (Private) Limited, and Hangani Development Co. (Private) Limited",Republic of Zimbabwe,Concluded
ARB/10/24,İçkale İnşaat Limited Şirketi,Turkmenistan,Concluded
ARB/10/23,"TECO Guatemala Holdings, LLC",Republic of Guatemala,Concluded
ARB/10/22,Ömer Dede and Serdar Elhüseyni,Romania,Concluded
ARB/10/21,"International Quantum Resources Limited, Frontier SPRL and Compagnie Minière de Sakania SPRL",Democratic Republic of the Congo,Concluded
ARB/10/20,Standard Chartered Bank (Hong Kong) Limited,Tanzania Electric Supply Company Limited,Concluded
ARB/10/19,Flughafen Zürich A.G. and Gestión e Ingeniería IDC S.A.,Bolivarian Republic of Venezuela,Concluded
ARB/10/18,Niko Resources (Bangladesh) Ltd.,"Bangladesh Oil Gas and Mineral Corporation (Petrobangla), Bangladesh Petroleum Exploration and Production Company Limited (Bapex)",Pending
ARB/10/17,Renée Rose Levy de Levi,Republic of Peru,Concluded
ARB/10/16,AES Corporation and Tau Power B.V.,Republic of Kazakhstan,Concluded
ARB/10/15,Bernhard von Pezold and others,Republic of Zimbabwe,Concluded
ARB/10/14,Opic Karimum Corporation,Bolivarian Republic of Venezuela,Concluded
ARB/10/13,"Hassan Awdi, Enterprise Business Consultants, Inc. and Alfa El Corporation",Romania,Concluded
ARB/10/12,Standard Chartered Bank,United Republic of Tanzania,Pending
ARB/10/11,Niko Resources (Bangladesh) Ltd.,"Bangladesh Petroleum Exploration & Production Company Limited (""Bapex"")",Pending
ARB/10/10,Olyana Holdings LLC,Republic of Rwanda,Concluded
ARB/10/9,"Universal Compression International Holdings, S.L.U.",Bolivarian Republic of Venezuela,Concluded
ARB/10/8,Pan American Energy LLC,Plurinational State of Bolivia,Concluded
ARB/10/7,"Philip Morris Brands Sàrl, Philip Morris Products S.A. and Abal Hermanos S.A.",Oriental Republic of Uruguay,Concluded
ARB/10/6,RSM Production Corporation and others,Grenada,Concluded
ARB/10/5,"Tidewater Investment SRL and Tidewater Caribe, C.A.",Bolivarian Republic of Venezuela,Concluded
ARB/10/4,Antoine Abou Lahoud and Leila Bounafeh-Abou Lahoud,Democratic Republic of the Congo,Concluded
ARB/10/3,Metal-Tech Ltd.,Republic of Uzbekistan,Concluded
UNCT/10/2,Apotex Inc.,United States of America,Concluded
ARB/10/2,Convial Callao S.A. and CCI - Compañía de Concesiones de Infraestructura S.A.,Republic of Peru,Concluded
UNCT/10/1,AbitibiBowater Inc.,Canada,Concluded
ARB(AF)/10/1,David Minnotte and Robert Lewis,Republic of Poland,Concluded
ARB/10/1,Kılıç İnşaat İthalat İhracat Sanayi ve Ticaret Anonim Şirketi,Turkmenistan,Concluded
ARB/09/23,Corporación Quiport S.A. and others,Republic of Ecuador,Concluded
ARB/09/22,Itera International Energy LLC and Itera Group NV,Georgia,Concluded
ARB/09/21,"UAB ""ARVI"" ir ko and UAB ""SANITEX""",Republic of Serbia,Concluded
ARB/09/20,Reinhard Hans Unglaube,Republic of Costa Rica,Concluded
ARB/09/19,Carnegie Minerals (Gambia) Limited,Republic of The Gambia,Concluded
ARB/09/18,Cambodia Power Company,Kingdom of Cambodia,Concluded
ARB/09/17,"Commerce Group Corp. and San Sebastian Gold Mines, Inc.",Republic of El Salvador,Concluded
ARB/09/16,Swisslion DOO Skopje,"Macedonia, former Yugoslav Republic of",Concluded
ARB/09/15,"H&H Enterprises Investments, Inc.",Arab Republic of Egypt,Concluded
ARB/09/14,"Mærsk Olie, Algeriet A/S",People's Democratic Republic of Algeria,Concluded
ARB/09/13,International Company for Railway Systems (ICRS),Hashemite Kingdom of Jordan,Concluded
ARB/09/12,Pac Rim Cayman LLC,Republic of El Salvador,Concluded
ARB/09/11,"Global Trading Resource Corp. and Globex International, Inc.",Ukraine,Concluded
ARB/09/10,EVN AG,"Macedonia, former Yugoslav Republic of",Concluded
ARB/09/9,Adem Dogan,Turkmenistan,Concluded
ARB/09/8,KT Asia Investment Group B.V.,Republic of Kazakhstan,Concluded
ARB/09/7,MTN (Dubai) Limited and MTN Yemen for Mobile Telephones,Republic of Yemen,Concluded
ARB/09/6,"Vattenfall AB, Vattenfall Europe AG, Vattenfall Europe Generation AG",Federal Republic of Germany,Concluded
ARB/09/5,"Iberdrola Energía, S.A.",Republic of Guatemala,Concluded
ARB/09/4,"Elsamex, S.A.",Republic of Honduras,Concluded
ARB/09/3,"Holcim Limited, Holderfin B.V. and Caricement B.V.",Bolivarian Republic of Venezuela,Pending
ARB(AF)/09/2,"Abengoa, S.A. y COFIDES, S.A.",United Mexican States,Concluded
ARB/09/2,Deutsche Bank AG,Democratic Socialist Republic of Sri Lanka,Concluded
ARB(AF)/09/1,Gold Reserve Inc.,Bolivarian Republic of Venezuela,Concluded
ARB/09/1,"Teinver S.A., Transportes de Cercanías S.A. and Autobuses Urbanos del Sur S.A.",Argentine Republic,Concluded
ARB/08/20,Millicom International Operations B.V. and Sentel GSM S.A.,Republic of Senegal,Concluded
ARB/08/19,Karmer Marble Tourism Construction Industry and Commerce Limited Liability Company,Georgia,Concluded
ARB/08/18,Malicorp Limited,Arab Republic of Egypt,Concluded
ARB/08/17,Participaciones Inversiones Portuarias SARL,Gabonese Republic,Concluded
ARB/08/16,GEA Group Aktiengesellschaft,Ukraine,Concluded
ARB/08/15,CEMEX Caracas Investments B.V. and CEMEX Caracas II Investments B.V.,Bolivarian Republic of Venezuela,Concluded
ARB/08/14,Impregilo S.p.A.,Argentine Republic,Concluded
ARB/08/13,Alapli Elektrik B.V.,Republic of Turkey,Concluded
ARB/08/12,Caratube International Oil Company LLP,Republic of Kazakhstan,Concluded
ARB/08/11,"Bosh International, Inc. and B&P, LTD Foreign Investments Enterprise",Ukraine,Concluded
ARB/08/10,"Repsol YPF Ecuador, S.A. and others",Republic of Ecuador and Empresa Estatal Petróleos del Ecuador (PetroEcuador),Concluded
ARB/08/9,Ambiente Ufficio S.p.A. and others,Argentine Republic,Concluded
ARB/08/8,Inmaris Perestroika Sailing Maritime Services GmbH and others,Ukraine,Concluded
ARB/08/7,Itera International Energy LLC and Itera Group NV,Georgia,Concluded
ARB/08/6,Perenco Ecuador Limited,Republic of Ecuador,Concluded
ARB/08/5,"Burlington Resources, Inc.",Republic of Ecuador,Concluded
ARB/08/4,Murphy Exploration and Production Company International,Republic of Ecuador,Concluded
ARB/08/3,"Brandes Investment Partners, LP",Bolivarian Republic of Venezuela,Concluded
ARB/08/2,"ATA Construction, Industrial and Trading Company",Hashemite Kingdom of Jordan,Concluded
ARB(AF)/08/1,Quadrant Pacific Growth Fund L.P. and Canasco Holdings Inc.,Republic of Costa Rica,Concluded
ARB/08/1,Marion Unglaube,Republic of Costa Rica,Concluded
ARB/07/32,Astaldi S.p.A.,Republic of Honduras,Concluded
ARB/07/31,HOCHTIEF Aktiengesellschaft,Argentine Republic,Concluded
ARB/07/30,"ConocoPhillips Petrozuata B.V., ConocoPhillips Hamaca B.V. and ConocoPhillips Gulf of Paria B.V.",Bolivarian Republic of Venezuela,Pending
ARB/07/29,SGS Société Générale de Surveillance S.A.,Republic of Paraguay,Concluded
ARB/07/28,E.T.I. Euro Telecom International N.V.,Plurinational State of Bolivia,Concluded
ARB/07/27,Venezuela Holdings B.V. and others,Bolivarian Republic of Venezuela,Pending
ARB/07/26,"Urbaser S.A. and Consorcio de Aguas Bilbao Bizkaia, Bilbao Biskaia Ur Partzuergoa",Argentine Republic,Concluded
ARB/07/25,"Trans-Global Petroleum, Inc.",Hashemite Kingdom of Jordan,Concluded
ARB/07/24,Gustav F W Hamester GmbH & Co KG,Republic of Ghana,Concluded
ARB/07/23,Railroad Development Corporation,Republic of Guatemala,Concluded
ARB/07/22,AES Summit Generation Limited and AES-Tisza Erömü Kft.,Hungary,Concluded
ARB/07/21,Pantechniki S.A. Contractors & Engineers,Republic of Albania,Concluded
ARB/07/20,Saba Fakes,Republic of Turkey,Concluded
ARB/07/19,Electrabel S.A.,Hungary,Concluded
ARB/07/18,Shell Nigeria Ultra Deep Limited,Federal Republic of Nigeria,Concluded
ARB/07/17,Impregilo S.p.A.,Argentine Republic,Concluded
ARB/07/16,Alpha Projektholding GmbH,Ukraine,Concluded
ARB/07/15,Ron Fuchs,Georgia,Concluded
ARB/07/14,Liman Caspian Oil BV and NCL Dutch Investment BV,Republic of Kazakhstan,Concluded
ARB/07/13,S&T Oil Equipment & Machinery Ltd.,Romania,Concluded
ARB/07/12,Toto Costruzioni Generali S.p.A.,Lebanese Republic,Concluded
ARB/07/11,ALAS International Baustoffproduktions AG,Bosnia and Herzegovina,Concluded
ARB/07/10,M. Meerapfel Söhne AG,Central African Republic,Concluded
ARB/07/9,"Bureau Veritas, Inspection, Valuation, Assessment and Control, BIVAC B.V.",Republic of Paraguay,Concluded
ARB/07/8,Giovanni Alemanni and others,Argentine Republic,Concluded
ARB/07/7,Global Gold Mining LLC,Republic of Armenia,Concluded
ARB/07/6,Tza Yap Shum,Republic of Peru,Concluded
ARB/07/5,Abaclat and others,Argentine Republic,Concluded
ARB(AF)/07/4,Mobil Investments Canada Inc. and Murphy Oil Corporation,Canada,Concluded
ARB/07/4,Eni Dación B.V.,Bolivarian Republic of Venezuela,Concluded
ARB(AF)/07/3,Alasdair Ross Anderson and others,Republic of Costa Rica,Concluded
ARB/07/3,Government of the Province of East Kalimantan,PT Kaltim Prima Coal and others,Concluded
ARB(AF)/07/2,Europe Cement Investment and Trade S.A.,Republic of Turkey,Concluded
ARB/07/2,RSM Production Corporation,Central African Republic,Concluded
UNCT/07/1,Merrill & Ring Forestry L.P.,Canada,Concluded
CONC/07/1,Shareholders of SESAM,Central African Republic,Concluded
ARB/07/1,Fondel Metal Participations B.V.,Republic of Azerbaijan,Concluded
ARB(AF)/07/1,"Piero Foresti, Laura de Carli and others",Republic of South Africa,Concluded
ARB/06/21,City Oriente Limited,Republic of Ecuador and Empresa Estatal Petróleos del Ecuador (Petroecuador),Concluded
ARB/06/20,Newmont USA Limited and Newmont (Uzbekistan) Limited,Republic of Uzbekistan,Concluded
ARB/06/19,"Nations Energy, Inc. and others",Republic of Panama,Concluded
ARB/06/18,Joseph C. Lemire,Ukraine,Concluded
ARB/06/17,"Técnicas Reunidas, S.A. and Eurocontrol, S.A.",Republic of Ecuador,Concluded
ARB/06/16,Barmek Holding A.S.,Republic of Azerbaijan,Concluded
ARB/06/15,"Azpetrol International Holdings B.V., Azpetrol Group B.V. and Azpetrol Oil Services Group B.V.",Republic of Azerbaijan,Concluded
ARB/06/14,Shell Brands International AG and Shell Nicaragua S.A.,Republic of Nicaragua,Concluded
ARB/06/13,"Aguaytia Energy, LLC",Republic of Peru,Concluded
ARB/06/12,Scancem International ANS,Republic of Congo,Concluded
ARB/06/11,Occidental Petroleum Corporation and Occidental Exploration and Production Company,Republic of Ecuador,Concluded
ARB/06/10,"Chevron Bangladesh Block Twelve, Ltd. and Chevron Bangladesh Blocks Thirteen and Fourteen, Ltd.",People's Republic of Bangladesh,Concluded
ARB/06/9,Branimir Mensik,Slovak Republic,Concluded
ARB/06/8,Libananco Holdings Co. Limited,Republic of Turkey,Concluded
ARB/06/7,Togo Electricité and GDF-Suez Energie Services,Republic of Togo,Concluded
ARB/06/6,Rail World LLC and others,Republic of Estonia,Concluded
ARB/06/5,Phoenix Action Ltd,Czech Republic,Concluded
ARB/06/4,Vestey Group Ltd,Bolivarian Republic of Venezuela,Concluded
ARB/06/3,The Rompetrol Group N.V.,Romania,Concluded
ARB(AF)/06/2,"Cementownia ""Nowa Huta"" S.A.",Republic of Turkey,Concluded
ARB/06/2,Quiborax S.A. and Non-Metallic Minerals S.A.,Plurinational State of Bolivia,Concluded
ARB(AF)/06/1,Sistem Muhendislik Insaat Sanayi ve Ticaret A.S.,Kyrgyz Republic,Concluded
ARB/06/1,Spyridon Roussalis,Romania,Concluded
ARB/05/24,Hrvatska Elektroprivreda d.d.,Republic of Slovenia,Concluded
ARB/05/23,Ares International S.r.l. and MetalGeo S.r.l.,Georgia,Concluded
ARB/05/22,Biwater Gauff (Tanzania) Limited,United Republic of Tanzania,Concluded
ARB/05/21,"African Holding Company of America, Inc. and Société Africaine de Construction au Congo S.A.R.L.",Democratic Republic of the Congo,Concluded
ARB/05/20,"Ioan Micula, Viorel Micula and others",Romania,Pending
ARB/05/19,Helnan International Hotels A/S,Arab Republic of Egypt,Concluded
ARB/05/18,Ioannis Kardassopoulos,Georgia,Concluded
ARB/05/17,Desert Line Projects LLC,Republic of Yemen,Concluded
ARB/05/16,Rumeli Telekom A.S. and Telsim Mobil Telekomunikasyon Hizmetleri A.S.,Republic of Kazakhstan,Concluded
ARB/05/15,Waguih Elie George Siag and Clorinda Vecchi,Arab Republic of Egypt,Concluded
ARB/05/14,RSM Production Corporation,Grenada,Concluded
ARB/05/13,EDF (Services) Limited,Romania,Concluded
ARB/05/12,Noble Energy Inc. and MachalaPower Cía. Ltd.,Republic of Ecuador and Consejo Nacional de Electricidad,Concluded
ARB/05/11,Asset Recovery Trust S.A.,Argentine Republic,Concluded
ARB/05/10,"Malaysian Historical Salvors, SDN, BHD",Malaysia,Concluded
ARB/05/9,"Empresa Eléctrica del Ecuador, Inc. (EMELEC)",Republic of Ecuador,Concluded
ARB/05/8,Parkerings-Compagniet AS,Republic of Lithuania,Concluded
ARB/05/7,Saipem S.p.A.,People's Republic of Bangladesh,Concluded
ARB/05/6,Bernardus Henricus Funnekotter and others,Republic of Zimbabwe,Concluded
ARB/05/5,"TSA Spectrum de Argentina, S.A.",Argentine Republic,Concluded
ARB/05/4,I&I Beheer B.V.,Bolivarian Republic of Venezuela,Concluded
ARB/05/3,"LESI, S.p.A. and Astaldi, S.p.A.",People's Democratic Republic of Algeria,Concluded
ARB(AF)/05/2,"Cargill, Incorporated",United Mexican States,Concluded
ARB/05/2,Compañía General de Electricidad S.A. and CGE Argentina S.A.,Argentine Republic,Concluded
ARB(AF)/05/1,Bayview Irrigation District and others,United Mexican States,Concluded
CONC/05/1,Togo Electricité,Republic of Togo,Concluded
ARB/05/1,Daimler Financial Services AG,Argentine Republic,Concluded
ARB/04/21,"Motorola Credit Corporation, Inc",Republic of Turkey,Concluded
ARB/04/20,RGA Reinsurance Company,Argentine Republic,Concluded
ARB/04/19,Duke Energy Electroquil Partners and Electroquil S.A.,Republic of Ecuador,Concluded
ARB/04/18,France Telecom S.A.,Argentine Republic,Concluded
ARB/04/17,Interbrew Central European Holding B.V.,Republic of Slovenia,Concluded
ARB/04/16,Mobil Exploration and Development Argentina Inc. Suc. Argentina and Mobil Argentina S.A.,Argentine Republic,Concluded
ARB/04/15,Telenor Mobile Communications AS,Republic of Hungary,Concluded
ARB/04/14,Wintershall Aktiengesellschaft,Argentine Republic,Concluded
ARB/04/13,Jan de Nul N.V. and Dredging International N.V.,Arab Republic of Egypt,Concluded
ARB/04/12,ABCI Investments Limited,Republic of Tunisia,Pending
ARB/04/11,Russell Resources International Limited and others,Democratic Republic of the Congo,Concluded
ARB/04/10,Alstom Power Italia SpA and Alstom SpA,Republic of Mongolia,Concluded
ARB/04/9,CIT Group Inc.,Argentine Republic,Concluded
ARB/04/8,BP America Production Company and others,Argentine Republic,Concluded
ARB/04/7,Sociedad Anónima Eduardo Vieira,Republic of Chile,Concluded
ARB(AF)/04/6,Vannessa Ventures Ltd.,Bolivarian Republic of Venezuela,Concluded
ARB/04/6,OKO Pankki Oyj and others,Republic of Estonia,Concluded
ARB(AF)/04/5,"Archer Daniels Midland Company and Tate & Lyle Ingredients Americas, Inc.",United Mexican States,Concluded
ARB/04/5,Compagnie d'Exploitation du Chemin de Fer Transgabonais,Gabonese Republic,Concluded
ARB(AF)/04/4,"Talsud, S.A.",United Mexican States,Concluded
ARB/04/4,SAUR International S.A.,Argentine Republic,Concluded
ARB/04/3,Cemex Asia Holdings Ltd,Republic of Indonesia,Concluded
ARB(AF)/04/3,"Gemplus, S.A., SLP, S.A. and Gemplus Industrial, S.A. de C.V.",United Mexican States,Concluded
ARB/04/2,Western NIS Enterprise Fund,Ukraine,Concluded
ARB(AF)/04/2,"Cargill, Incorporated",Republic of Poland,Concluded
ARB/04/1,Total S.A.,Argentine Republic,Concluded
ARB(AF)/04/1,"Corn Products International, Inc.",United Mexican States,Concluded
ARB/03/30,Azurix Corp.,Argentine Republic,Concluded
ARB/03/29,Bayındır İnşaat Turizm Ticaret ve Sanayi A.Ş.,Islamic Republic of Pakistan,Concluded
ARB/03/28,Duke Energy International Peru Investments No. 1 Ltd.,Republic of Peru,Concluded
ARB/03/27,Unisys Corporation,Argentine Republic,Concluded
ARB/03/26,Inceysa Vallisoletana S.L.,Republic of El Salvador,Concluded
ARB/03/25,Fraport AG Frankfurt Airport Services Worldwide,Republic of the Philippines,Concluded
ARB/03/24,Plama Consortium Limited,Republic of Bulgaria,Concluded
ARB/03/23,"EDF International S.A., SAUR International S.A. and León Participaciones Argentinas S.A.",Argentine Republic,Concluded
ARB/03/22,Electricidad Argentina S.A. and EDF International S.A.,Argentine Republic,Concluded
ARB/03/21,Enersis S.A. and others,Argentine Republic,Concluded
ARB/03/20,Telefónica S.A,Argentine Republic,Concluded
ARB/03/19,"Suez, Sociedad General de Aguas de Barcelona S.A. and Vivendi Universal S.A",Argentine Republic,Concluded
ARB/03/18,"Aguas Cordobesas S.A., Suez, and Sociedad General de Aguas de Barcelona S.A.",Argentine Republic,Concluded
ARB/03/17,"Suez, Sociedad General de Aguas de Barcelona S.A. and Interagua Servicios Integrales de Agua S.A.",Argentine Republic,Concluded
ARB/03/16,ADC Affiliate Limited and ADC & ADMC Management Limited,Republic of Hungary,Concluded
ARB/03/15,El Paso Energy International Company,Argentine Republic,Concluded
ARB/03/14,Miminco LLC and others,Democratic Republic of the Congo,Concluded
ARB/03/13,Pan American Energy LLC and BP Argentina Exploration Company,Argentine Republic,Concluded
ARB/03/12,"Pioneer Natural Resources Company, Pioneer Natural Resources (Argentina) S.A. and Pioneer Natural Resources (Tierra del Fuego) S.A.",Argentine Republic,Concluded
ARB/03/11,Joy Mining Machinery Limited,Arab Republic of Egypt,Concluded
ARB/03/10,"Gas Natural SDG, S.A.",Argentine Republic,Concluded
ARB/03/9,Continental Casualty Company,Argentine Republic,Concluded
ARB/03/8,Consortium Groupement L.E.S.I. - DIPENTA,People's Democratic Republic of Algeria,Concluded
ARB/03/7,Camuzzi International S.A.,Argentine Republic,Concluded
ARB/03/6,"M.C.I. Power Group, L.C. and New Turbine, Inc.",Republic of Ecuador,Concluded
ARB/03/5,Metalpar S.A. and Buen Aire S.A.,Argentine Republic,Concluded
ARB/03/4,"Industria Nacional de Alimentos, S.A. and Indalsa Perú, S.A. (formerly Empresas Lucchetti, S.A. and Lucchetti Perú, S.A.)",Republic of Peru,Concluded
ARB/03/3,Impregilo S.p.A.,Islamic Republic of Pakistan,Concluded
ARB/03/2,Camuzzi International S.A.,Argentine Republic,Concluded
ARB/03/1,Ed. Züblin AG,Kingdom of Saudi Arabia,Concluded
CONC/03/1,TG World Petroleum Limited,Republic of Niger,Concluded
ARB/02/18,Tokios Tokelės,Ukraine,Concluded
ARB/02/17,AES Corporation,Argentine Republic,Pending
ARB/02/16,Sempra Energy International,Argentine Republic,Concluded
ARB/02/15,"Ahmonseto, Inc. and others",Arab Republic of Egypt,Concluded
ARB/02/14,CDC Group plc,Republic of Seychelles,Concluded
ARB/02/13,Salini Costruttori S.p.A. and Italstrade S.p.A.,Hashemite Kingdom of Jordan,Concluded
ARB/02/12,JacobsGibb Limited,Hashemite Kingdom of Jordan,Concluded
ARB/02/11,Enrho St Limited,Republic of Kazakhstan,Concluded
ARB/02/10,IBM World Trade Corp.,Republic of Ecuador,Concluded
ARB/02/9,"Champion Trading Company and Ameritrade International, Inc.",Arab Republic of Egypt,Concluded
ARB/02/8,Siemens A.G.,Argentine Republic,Concluded
ARB/02/7,Hussein Nuaman Soufraki,United Arab Emirates,Concluded
ARB/02/6,SGS Société Générale de Surveillance S.A.,Republic of the Philippines,Concluded
ARB/02/5,PSEG Global Inc. and Konya Ilgin Elektrik Üretim ve Ticaret Limited Sirketi,Republic of Turkey,Concluded
ARB/02/4,Lafarge,Republic of Cameroon,Concluded
ARB/02/3,Aguas del Tunari S.A.,Republic of Bolivia,Concluded
ARB/02/2,Impregilo S.p.A.,Islamic Republic of Pakistan,Concluded
UNCT/02/1,United Parcels Service of America Inc.,Canada,Concluded
ARB/02/1,"LG&E Energy Corp., LG&E Capital Corp. and LG&E International Inc.",Argentine Republic,Concluded
ARB(AF)/02/1,Fireman's Fund Insurance Company,United Mexican States,Concluded
ARB/01/14,"F-W Oil Interests, Inc.",Republic of Trinidad & Tobago,Concluded
ARB/01/13,SGS Société Générale de Surveillance S.A.,Islamic Republic of Pakistan,Concluded
ARB/01/12,Azurix Corp.,Argentine Republic,Concluded
ARB/01/11,"Noble Ventures, Inc.",Romania,Concluded
ARB/01/10,Repsol YPF Ecuador S.A.,Empresa Estatal Petróleos del Ecuador (Petroecuador),Concluded
ARB/01/9,Booker plc,Co-operative Republic of Guyana,Concluded
ARB/01/8,CMS Gas Transmission Company,Argentine Republic,Concluded
ARB/01/7,MTD Equity Sdn. Bhd. and MTD Chile S.A.,Republic of Chile,Concluded
ARB/01/6,"AIG Capital Partners, Inc. and CJSC Tema Real Estate Company",Republic of Kazakhstan,Concluded
ARB/01/5,Société d'Exploitation des Mines d'Or de Sadiola S.A.,Republic of Mali,Concluded
ARB/01/4,AES Summit Generation Limited,Republic of Hungary,Concluded
ARB/01/3,"Enron Creditors Recovery Corporation (formerly Enron Corporation) and Ponderosa Assets, L.P.",Argentine Republic,Concluded
ARB/01/2,Antoine Goetz and others,Republic of Burundi,Concluded
ARB/01/1,"Impregilo, S.p.A and Rizzani De Eccher S.p.A.",United Arab Emirates,Concluded
ARB/00/9,Generation Ukraine Inc.,Ukraine,Concluded
ARB/00/8,"Ridgepointe Overseas Developments, Ltd.",Democratic Republic of the Congo and Générale des Carrières et des Mines,Concluded
ARB/00/7,World Duty Free Company Limited,Republic of Kenya,Concluded
ARB/00/6,Consortium R.F.C.C.,Kingdom of Morocco,Concluded
ARB/00/5,"Autopista Concesionada de Venezuela, C.A.",Bolivarian Republic of Venezuela,Concluded
ARB/00/4,Salini Costruttori S.p.A. and Italstrade S.p.A.,Kingdom of Morocco,Concluded
ARB/00/3,"GRAD Associates, P.A.",Bolivarian Republic of Venezuela,Concluded
ARB(AF)/00/3,"Waste Management, Inc.",United Mexican States,Concluded
ARB(AF)/00/2,"Técnicas Medioambientales Tecmed, S.A.",United Mexican States,Concluded
ARB/00/2,Mihaly International Corporation,Democratic Socialist Republic of Sri Lanka,Concluded
ARB/00/1,Zhinvali Development Ltd.,Republic of Georgia,Concluded
ARB(AF)/00/1,ADF Group Inc.,United States of America,Concluded
ARB/99/8,Astaldi S.p.A. & Columbus Latinoamericana de Construcciones S.A.,Republic of Honduras,Concluded
ARB/99/7,Patrick Mitchell,Democratic Republic of the Congo,Concluded
ARB/99/6,Middle East Cement Shipping and Handling Co. S.A.,Arab Republic of Egypt,Concluded
ARB/99/5,Alimenta S.A.,Republic of The Gambia,Concluded
ARB/99/4,Empresa Nacional de Electricidad S.A.,Argentine Republic,Concluded
ARB/99/3,Philippe Gruslin,Malaysia,Concluded
ARB/99/2,Alex Genin and others,Republic of Estonia,Concluded
ARB(AF)/99/2,Mondev International Ltd.,United States of America,Concluded
ARB/99/1,Mobil Argentina S.A.,Argentine Republic,Concluded
ARB(AF)/99/1,Marvin Roy Feldman Karpa,United Mexican States,Concluded
ARB/98/8,Tanzania Electric Supply Company Limited,Independent Power Tanzania Limited,Concluded
ARB/98/7,"Banro American Resources, Inc. and Société Aurifère du Kivu et du Maniema S.A.R.L.",Democratic Republic of the Congo,Concluded
ARB/98/6,Compagnie Minière Internationale Or S.A.,Republic of Peru,Concluded
ARB/98/5,Eudoro A. Olguín,Republic of Paraguay,Concluded
ARB/98/4,Wena Hotels Limited,Arab Republic of Egypt,Concluded
ARB/98/3,International Trust Company of Liberia,Republic of Liberia,Concluded
ARB(AF)/98/3,"The Loewen Group, Inc. and Raymond L. Loewen",United States of America,Concluded
ARB(AF)/98/2,"Waste Management, Inc.",United Mexican States,Concluded
ARB/98/2,Victor Pey Casado and President Allende Foundation,Republic of Chile,Concluded
ARB/98/1,"Houston Industries Energy, Inc. and others",Argentine Republic,Concluded
ARB(AF)/98/1,Joseph C. Lemire,Ukraine,Concluded
ARB/97/8,Compagnie Française pour le Développement des Fibres Textiles,Côte d'Ivoire,Concluded
ARB/97/7,Emilio Agustín Maffezini,Kingdom of Spain,Concluded
ARB/97/6,"Lanco International, Inc.",Argentine Republic,Concluded
ARB/97/5,"WRB Enterprises, Inc. and Grenada Private Power Limited",Grenada,Concluded
ARB/97/4,"Československa obchodní banka, a.s.",Slovak Republic,Concluded
ARB/97/3,Compañía de Aguas del Aconquija S.A. and Vivendi Universal S.A.,Argentine Republic,Concluded
ARB/97/2,Société Kufpec (Congo) Limited,Republic of Congo,Concluded
ARB(AF)/97/2,Robert Azinian and others,United Mexican States,Concluded
ARB/97/1,Société d'Investigation de Recherche et d'Exploitation Minière,Burkina Faso,Concluded
ARB(AF)/97/1,Metalclad Corporation,United Mexican States,Concluded
ARB/96/3,Fedax N.V.,Republic of Venezuela,Concluded
ARB/96/2,Misima Mines Pty. Ltd.,Independent State of Papua New Guinea,Concluded
ARB/96/1,Compañia del Desarrollo de Santa Elena S.A.,Republic of Costa Rica,Concluded
ARB/95/3,Antoine Goetz and others,Republic of Burundi,Concluded
ARB/95/2,"Cable Television of Nevis, Ltd. and Cable Television of Nevis Holdings, Ltd.",Federation of St. Kitts and Nevis,Concluded
ARB/95/1,Leaf Tobacco A. Michaelides S.A. and Greek-Albanian Leaf Tobacco & Co. S.A.,Republic of Albania,Concluded
ARB/94/2,Tradex Hellas S.A.,Republic of Albania,Concluded
CONC/94/1,SEDITEX Engineering Beratungsgesellschaft für dieTextilindustrie m.b.H.,Madagascar,Concluded
ARB/94/1,Philippe Gruslin,Malaysia,Concluded
ARB/93/1,"American Manufacturing & Trading, Inc.",Democratic Republic of the Congo,Concluded
ARB/92/2,Scimitar Exploration Limited,"Bangladesh and Bangladesh Oil, Gas and Mineral Corporation",Concluded
ARB/92/1,Vacuum Salt Products Ltd.,Republic of Ghana,Concluded
ARB/89/1,Manufacturers Hanover Trust Company,Arab Republic of Egypt and General Authority for Investment and Free Zones,Concluded
ARB/87/4,"Occidental of Pakistan, Inc.",Islamic Republic of Pakistan,Concluded
ARB/87/3,Asian Agricultural Products Limited,Democratic Socialist Republic of Sri Lanka,Concluded
ARB/87/2,Mobil Oil Corporation and others,New Zealand,Concluded
ARB/87/1,Société d'Études de Travaux et de Gestion SETIMEG S.A.,Gabonese Republic,Concluded
ARB/86/1,Ghaith R. Pharaon,Republic of Tunisia,Concluded
ARB/84/4,Maritime International Nominees Establishment,Republic of Guinea,Concluded
ARB/84/3,Southern Pacific Properties (Middle East) Limited,Arab Republic of Egypt,Concluded
ARB/84/2,Colt Industries Operating Corporation,Republic of Korea,Concluded
ARB/84/1,Atlantic Triton Company Limited,People's Revolutionary Republic of Guinea,Concluded
ARB/83/2,Liberian Eastern Timber Corporation,Republic of Liberia,Concluded
CONC/83/1,Tesoro Petroleum Corporation,Trinidad and Tobago,Concluded
ARB/83/1,Swiss Aluminium Limited and Icelandic Aluminium Company Limited,Iceland,Concluded
CONC/82/1,SEDITEX Engineering Beratungsgesellschaft für die Textilindustrie m.b.H.,Democratic Republic of Madagascar,Concluded
ARB/82/1,Société Ouest Africaine des Bétons Industriels,Republic of Senegal,Concluded
ARB/81/2,Klöckner Industrie-Anlagen GmbH and others,United Republic of Cameroon and Société Camerounaise des Engrais,Concluded
ARB/81/1,Amco Asia Corporation and others,Republic of Indonesia,Concluded
ARB/78/1,Guadalupe Gas Products Corporation,Nigeria,Concluded
ARB/77/2,S.A.R.L. Benvenuti & Bonfant,People's Republic of the Congo,Concluded
ARB/77/1,AGIP S.p.A.,People's Republic of the Congo,Concluded
ARB/76/1,Gabon,Société Serete S.A.,Concluded
ARB/74/4,Reynolds Jamaica Mines Limited and  Reynolds Metals Company,Jamaica,Concluded
ARB/74/3,Kaiser Bauxite Company,Jamaica,Concluded
ARB/74/2,"Alcoa Minerals of Jamaica, Inc.",Jamaica,Concluded
ARB/74/1,Adriano Gardella S.p.A.,Côte d'Ivoire,Concluded
ARB/72/1,Holiday Inns S.A. and others,Morocco,Concluded
